Participant_ID,Subscale_1_Week_1,Subscale_1_Week_2,Subscale_1_Week_3,Subscale_1_Week_4,Subscale_1_Week_5,Subscale_1_Week_6,Subscale_1_Week_7,Subscale_1_Week_8,Subscale_1_Week_9,Subscale_1_Week_10,Subscale_1_Week_11,Subscale_1_Week_12,Subscale_1_Week_13,Subscale_1_Week_14,Subscale_1_Week_15,Subscale_1_Week_16,Subscale_1_Week_17,Subscale_1_Week_18,Subscale_1_Week_19,Subscale_1_Week_20,Subscale_1_Week_21,Subscale_1_Week_22,Subscale_1_Week_23,Subscale_1_Week_24,Subscale_1_Week_25,Subscale_1_Week_26,Subscale_1_Week_27,Subscale_1_Week_28,Subscale_1_Week_29,Subscale_1_Week_30,Subscale_1_Week_31,Subscale_1_Week_32,Subscale_1_Week_33,Subscale_1_Week_34,Subscale_1_Week_35,Subscale_1_Week_36,Subscale_1_Week_37,Subscale_1_Week_38,Subscale_1_Week_39,Subscale_1_Week_40,Subscale_1_Week_41,Subscale_1_Week_42,Subscale_1_Week_43,Subscale_1_Week_44,Subscale_1_Week_45,Subscale_1_Week_46,Subscale_1_Week_47,Subscale_1_Week_48,Subscale_1_Week_49,Subscale_1_Week_50,Subscale_1_Week_51,Subscale_1_Week_52,Subscale_2_Week_1,Subscale_2_Week_2,Subscale_2_Week_3,Subscale_2_Week_4,Subscale_2_Week_5,Subscale_2_Week_6,Subscale_2_Week_7,Subscale_2_Week_8,Subscale_2_Week_9,Subscale_2_Week_10,Subscale_2_Week_11,Subscale_2_Week_12,Subscale_2_Week_13,Subscale_2_Week_14,Subscale_2_Week_15,Subscale_2_Week_16,Subscale_2_Week_17,Subscale_2_Week_18,Subscale_2_Week_19,Subscale_2_Week_20,Subscale_2_Week_21,Subscale_2_Week_22,Subscale_2_Week_23,Subscale_2_Week_24,Subscale_2_Week_25,Subscale_2_Week_26,Subscale_2_Week_27,Subscale_2_Week_28,Subscale_2_Week_29,Subscale_2_Week_30,Subscale_2_Week_31,Subscale_2_Week_32,Subscale_2_Week_33,Subscale_2_Week_34,Subscale_2_Week_35,Subscale_2_Week_36,Subscale_2_Week_37,Subscale_2_Week_38,Subscale_2_Week_39,Subscale_2_Week_40,Subscale_2_Week_41,Subscale_2_Week_42,Subscale_2_Week_43,Subscale_2_Week_44,Subscale_2_Week_45,Subscale_2_Week_46,Subscale_2_Week_47,Subscale_2_Week_48,Subscale_2_Week_49,Subscale_2_Week_50,Subscale_2_Week_51,Subscale_2_Week_52,Subscale_3_Week_1,Subscale_3_Week_2,Subscale_3_Week_3,Subscale_3_Week_4,Subscale_3_Week_5,Subscale_3_Week_6,Subscale_3_Week_7,Subscale_3_Week_8,Subscale_3_Week_9,Subscale_3_Week_10,Subscale_3_Week_11,Subscale_3_Week_12,Subscale_3_Week_13,Subscale_3_Week_14,Subscale_3_Week_15,Subscale_3_Week_16,Subscale_3_Week_17,Subscale_3_Week_18,Subscale_3_Week_19,Subscale_3_Week_20,Subscale_3_Week_21,Subscale_3_Week_22,Subscale_3_Week_23,Subscale_3_Week_24,Subscale_3_Week_25,Subscale_3_Week_26,Subscale_3_Week_27,Subscale_3_Week_28,Subscale_3_Week_29,Subscale_3_Week_30,Subscale_3_Week_31,Subscale_3_Week_32,Subscale_3_Week_33,Subscale_3_Week_34,Subscale_3_Week_35,Subscale_3_Week_36,Subscale_3_Week_37,Subscale_3_Week_38,Subscale_3_Week_39,Subscale_3_Week_40,Subscale_3_Week_41,Subscale_3_Week_42,Subscale_3_Week_43,Subscale_3_Week_44,Subscale_3_Week_45,Subscale_3_Week_46,Subscale_3_Week_47,Subscale_3_Week_48,Subscale_3_Week_49,Subscale_3_Week_50,Subscale_3_Week_51,Subscale_3_Week_52,Subscale_4_Week_1,Subscale_4_Week_2,Subscale_4_Week_3,Subscale_4_Week_4,Subscale_4_Week_5,Subscale_4_Week_6,Subscale_4_Week_7,Subscale_4_Week_8,Subscale_4_Week_9,Subscale_4_Week_10,Subscale_4_Week_11,Subscale_4_Week_12,Subscale_4_Week_13,Subscale_4_Week_14,Subscale_4_Week_15,Subscale_4_Week_16,Subscale_4_Week_17,Subscale_4_Week_18,Subscale_4_Week_19,Subscale_4_Week_20,Subscale_4_Week_21,Subscale_4_Week_22,Subscale_4_Week_23,Subscale_4_Week_24,Subscale_4_Week_25,Subscale_4_Week_26,Subscale_4_Week_27,Subscale_4_Week_28,Subscale_4_Week_29,Subscale_4_Week_30,Subscale_4_Week_31,Subscale_4_Week_32,Subscale_4_Week_33,Subscale_4_Week_34,Subscale_4_Week_35,Subscale_4_Week_36,Subscale_4_Week_37,Subscale_4_Week_38,Subscale_4_Week_39,Subscale_4_Week_40,Subscale_4_Week_41,Subscale_4_Week_42,Subscale_4_Week_43,Subscale_4_Week_44,Subscale_4_Week_45,Subscale_4_Week_46,Subscale_4_Week_47,Subscale_4_Week_48,Subscale_4_Week_49,Subscale_4_Week_50,Subscale_4_Week_51,Subscale_4_Week_52,Subscale_5_Week_1,Subscale_5_Week_2,Subscale_5_Week_3,Subscale_5_Week_4,Subscale_5_Week_5,Subscale_5_Week_6,Subscale_5_Week_7,Subscale_5_Week_8,Subscale_5_Week_9,Subscale_5_Week_10,Subscale_5_Week_11,Subscale_5_Week_12,Subscale_5_Week_13,Subscale_5_Week_14,Subscale_5_Week_15,Subscale_5_Week_16,Subscale_5_Week_17,Subscale_5_Week_18,Subscale_5_Week_19,Subscale_5_Week_20,Subscale_5_Week_21,Subscale_5_Week_22,Subscale_5_Week_23,Subscale_5_Week_24,Subscale_5_Week_25,Subscale_5_Week_26,Subscale_5_Week_27,Subscale_5_Week_28,Subscale_5_Week_29,Subscale_5_Week_30,Subscale_5_Week_31,Subscale_5_Week_32,Subscale_5_Week_33,Subscale_5_Week_34,Subscale_5_Week_35,Subscale_5_Week_36,Subscale_5_Week_37,Subscale_5_Week_38,Subscale_5_Week_39,Subscale_5_Week_40,Subscale_5_Week_41,Subscale_5_Week_42,Subscale_5_Week_43,Subscale_5_Week_44,Subscale_5_Week_45,Subscale_5_Week_46,Subscale_5_Week_47,Subscale_5_Week_48,Subscale_5_Week_49,Subscale_5_Week_50,Subscale_5_Week_51,Subscale_5_Week_52,Subscale_6_Week_1,Subscale_6_Week_2,Subscale_6_Week_3,Subscale_6_Week_4,Subscale_6_Week_5,Subscale_6_Week_6,Subscale_6_Week_7,Subscale_6_Week_8,Subscale_6_Week_9,Subscale_6_Week_10,Subscale_6_Week_11,Subscale_6_Week_12,Subscale_6_Week_13,Subscale_6_Week_14,Subscale_6_Week_15,Subscale_6_Week_16,Subscale_6_Week_17,Subscale_6_Week_18,Subscale_6_Week_19,Subscale_6_Week_20,Subscale_6_Week_21,Subscale_6_Week_22,Subscale_6_Week_23,Subscale_6_Week_24,Subscale_6_Week_25,Subscale_6_Week_26,Subscale_6_Week_27,Subscale_6_Week_28,Subscale_6_Week_29,Subscale_6_Week_30,Subscale_6_Week_31,Subscale_6_Week_32,Subscale_6_Week_33,Subscale_6_Week_34,Subscale_6_Week_35,Subscale_6_Week_36,Subscale_6_Week_37,Subscale_6_Week_38,Subscale_6_Week_39,Subscale_6_Week_40,Subscale_6_Week_41,Subscale_6_Week_42,Subscale_6_Week_43,Subscale_6_Week_44,Subscale_6_Week_45,Subscale_6_Week_46,Subscale_6_Week_47,Subscale_6_Week_48,Subscale_6_Week_49,Subscale_6_Week_50,Subscale_6_Week_51,Subscale_6_Week_52
1,4,5,3,5,5,2,3,3,3,5,4,3,5,2,4,2,4,5,1,4,2,5,4,1,1,3,3,2,4,4,3,4,4,1,3,5,3,5,1,2,4,1,4,2,2,1,2,5,2,4,4,4,4,5,3,1,4,2,4,2,2,4,5,2,2,4,2,2,4,4,1,5,5,2,5,2,1,4,4,4,5,1,5,5,1,1,1,1,4,3,3,1,3,3,1,3,5,2,2,1,4,1,4,2,1,5,3,4,3,3,1,3,5,3,1,5,2,3,1,2,2,4,5,3,1,4,5,4,5,5,3,5,4,5,3,3,4,2,2,5,1,5,4,4,4,4,4,3,2,4,1,1,1,1,3,1,4,5,1,3,3,1,5,1,3,2,4,3,1,4,1,1,2,4,4,2,3,1,5,1,1,3,1,2,2,4,5,1,1,3,2,5,4,2,4,3,3,1,5,4,2,3,1,1,4,3,5,3,4,4,3,4,3,2,3,3,4,4,1,1,2,1,3,4,1,1,2,2,3,4,2,1,4,4,1,2,1,4,5,5,3,1,1,3,3,3,4,1,4,3,1,4,4,3,1,3,1,5,2,2,2,3,5,1,4,1,4,1,5,4,3,1,1,4,3,3,5,3,3,3,2,5,1,4,1,5,4,5,3,4,3,1,1,4,4,5,5,3,4,1,5,5,1,5,3,4,1,4,5,5,1,3
2,2,1,2,2,3,2,2,3,2,2,2,1,1,1,3,5,2,2,3,2,1,5,4,2,1,4,5,4,1,4,3,4,2,2,3,1,2,5,2,2,1,4,2,3,4,5,1,5,4,4,4,5,4,5,4,3,4,5,2,4,2,3,1,3,4,2,2,5,2,5,1,4,5,1,2,2,1,2,1,5,5,1,5,5,5,3,4,2,3,5,1,5,4,5,1,4,5,4,2,2,5,4,1,5,2,2,5,4,2,4,2,2,3,2,1,5,5,4,2,1,4,3,4,4,2,3,4,1,1,5,3,3,5,4,3,1,1,2,3,4,5,5,4,2,5,3,2,3,1,2,5,2,2,2,2,3,1,4,2,5,2,5,3,5,4,1,5,5,1,4,2,5,1,3,1,3,4,2,1,5,4,1,5,1,3,1,1,1,4,1,5,3,3,1,4,4,5,1,3,4,1,4,4,3,2,5,5,3,4,1,4,3,5,4,5,1,5,5,2,2,2,5,3,5,3,3,2,4,1,2,2,4,1,5,5,2,1,2,3,2,2,5,5,5,3,5,1,4,1,1,5,4,4,4,3,5,4,3,2,2,3,3,5,5,2,4,2,4,4,5,1,1,3,5,4,1,4,1,1,1,5,2,4,5,5,5,5,5,3,4,5,4,3,3,4,1,2,1,1,1,5,3,1,3,4,2,4,4,5,2,4,4
3,2,2,4,2,4,4,5,1,4,3,1,1,1,5,4,5,4,5,5,3,5,2,3,5,1,2,2,2,3,5,5,1,1,2,1,3,5,2,1,3,3,1,5,1,2,1,3,1,5,4,1,5,5,3,5,5,5,5,2,2,3,1,5,1,1,3,5,5,4,1,1,2,4,2,2,2,3,3,2,4,1,4,5,3,1,1,5,5,2,3,3,4,2,2,2,2,3,3,2,4,1,1,4,2,3,1,5,5,4,2,1,2,1,4,4,5,2,5,2,5,3,3,3,3,1,3,4,4,1,3,3,3,5,2,5,2,3,3,5,5,2,4,2,5,5,1,5,1,4,2,2,1,2,5,3,1,2,1,1,3,5,1,2,4,1,1,3,5,4,2,4,2,5,2,3,3,3,3,4,5,2,2,3,3,1,5,4,2,1,1,2,4,1,1,5,4,1,4,2,3,1,5,2,4,2,1,4,3,2,1,5,4,2,2,3,3,5,5,1,1,5,5,4,3,1,3,3,5,4,2,4,4,3,4,1,3,1,2,3,2,3,5,4,5,2,4,3,4,1,4,1,4,1,2,5,3,4,5,3,3,1,2,2,5,2,4,2,5,2,4,1,5,1,1,1,3,3,1,5,4,4,2,5,3,1,2,4,3,3,1,4,5,3,1,5,4,3,5,5,5,3,3,2,4,1,5,2,1,2,3,5,1
4,1,1,1,1,2,5,3,3,3,3,2,4,5,1,4,3,4,5,1,1,5,5,3,1,4,2,2,5,3,2,1,5,4,5,4,5,5,5,4,4,5,2,3,3,3,4,4,2,3,3,5,4,3,2,2,3,4,2,5,2,1,1,4,3,4,4,4,4,5,5,2,1,4,2,1,3,5,1,3,1,5,5,2,4,1,1,3,5,1,5,1,2,4,1,5,2,1,3,4,1,2,3,2,2,3,2,3,1,3,3,4,3,3,1,4,5,1,1,5,3,2,4,2,5,1,1,4,1,1,4,4,5,1,1,5,3,3,3,5,1,5,5,3,2,1,3,2,2,4,1,2,3,4,1,5,3,2,2,3,2,4,1,4,2,5,1,1,3,3,5,1,5,3,3,1,4,2,3,3,4,4,5,5,2,2,1,5,3,5,3,4,5,4,2,2,1,5,4,3,2,2,3,4,4,5,5,1,2,5,4,3,4,2,4,1,2,3,1,2,3,1,1,2,5,1,1,3,4,2,2,5,5,2,5,3,2,5,2,4,1,2,1,5,1,2,4,5,2,5,3,1,3,2,4,5,1,5,2,5,1,2,5,4,2,2,4,3,1,3,5,4,3,2,5,5,3,3,4,1,3,3,2,5,1,2,4,4,3,3,4,3,1,3,5,3,2,1,2,2,5,1,1,1,1,1,5,3,2,1,3,3,2
5,5,4,4,3,2,4,3,5,4,3,3,1,5,1,2,1,1,4,3,5,1,5,1,2,1,4,3,2,1,5,2,2,1,2,5,2,5,1,3,2,3,5,2,4,3,2,3,2,1,3,4,4,5,2,3,5,3,2,4,1,4,5,1,5,2,1,5,2,4,2,3,2,2,3,5,5,2,3,3,4,5,1,5,5,4,1,4,1,2,1,4,5,1,1,3,5,2,4,2,5,1,1,5,1,1,1,4,4,3,2,5,5,5,3,4,3,5,2,1,4,4,3,4,5,5,3,5,2,3,2,1,2,1,1,2,3,5,5,1,1,3,4,2,1,5,3,2,3,2,2,1,3,3,5,5,1,1,4,5,2,3,1,3,3,4,5,1,3,1,2,4,2,1,1,5,3,3,2,4,3,5,2,2,5,4,5,4,5,5,1,2,5,5,3,2,3,2,3,5,5,1,3,4,1,3,3,1,5,3,5,1,5,2,4,3,4,5,3,5,2,1,3,2,2,3,5,2,4,2,5,5,4,2,5,3,1,1,1,2,4,5,3,3,2,1,2,4,4,5,5,4,4,4,2,4,3,1,4,1,2,1,2,3,2,2,5,4,4,3,3,4,5,4,5,3,1,3,3,2,2,2,2,5,4,1,3,5,1,5,5,3,4,2,4,3,3,3,1,4,4,5,5,5,3,4,3,1,5,3,3,1,2
6,4,2,5,3,1,1,4,2,4,3,4,1,1,5,5,3,2,4,3,5,4,5,4,2,3,4,1,1,4,4,4,1,1,4,5,5,2,3,5,1,5,2,2,3,5,1,1,4,1,3,3,1,1,4,1,4,4,1,2,2,4,1,2,1,1,1,5,1,5,4,2,2,2,2,2,2,2,4,1,3,5,3,3,1,1,1,2,4,2,4,4,3,3,4,4,2,2,3,1,4,2,3,2,4,4,5,1,5,3,2,3,4,5,5,5,3,4,2,2,3,5,1,3,3,4,2,3,3,5,5,1,4,1,5,2,5,4,5,4,4,4,4,4,2,1,3,1,4,2,5,2,4,2,2,4,2,3,3,2,5,4,3,5,2,5,1,3,2,4,2,4,2,5,5,5,1,4,5,1,4,2,1,3,1,1,4,2,3,5,5,1,4,4,5,3,2,3,2,5,2,4,1,1,5,4,3,4,1,1,4,4,1,3,5,5,4,5,1,1,4,4,4,3,5,4,2,2,1,5,4,2,5,1,3,5,5,3,5,1,1,3,4,2,4,5,2,3,3,2,1,2,5,1,3,2,4,4,5,4,2,2,4,2,5,1,5,5,2,1,2,3,2,2,2,1,2,1,4,3,1,4,1,1,3,5,5,1,2,4,2,2,1,1,1,1,5,1,5,5,1,3,4,2,5,4,3,2,2,5,1,3,5
7,3,1,1,5,1,4,2,5,3,4,5,1,1,1,1,3,4,2,3,3,2,2,1,3,5,2,2,4,5,5,2,1,4,5,2,5,4,4,3,2,4,3,3,5,5,3,5,4,1,4,3,3,4,5,5,3,2,5,4,5,4,3,5,4,3,2,4,2,2,1,5,4,2,1,3,4,2,5,1,2,5,2,4,4,4,1,4,5,2,3,5,5,4,1,2,1,2,2,1,5,2,1,2,3,5,4,2,3,4,4,2,1,2,3,4,2,1,2,5,1,3,4,2,1,5,1,5,3,4,3,2,1,5,5,1,1,2,3,5,2,3,2,5,1,1,3,4,3,4,2,2,5,4,5,1,4,3,1,1,3,1,4,5,1,4,2,4,5,4,3,5,2,3,4,5,2,3,2,4,2,1,3,2,4,4,2,4,5,5,5,1,2,1,4,1,4,4,3,5,4,3,5,4,4,1,1,5,4,2,1,5,4,4,2,5,4,1,2,5,2,1,5,2,3,1,1,1,3,3,4,2,4,2,3,3,4,5,4,2,4,1,2,2,5,3,2,3,4,1,5,3,2,3,2,3,2,4,2,2,1,2,1,5,1,4,1,5,4,3,3,1,1,5,5,2,5,2,4,1,4,5,4,4,4,5,4,2,5,4,5,3,2,4,3,3,5,3,2,2,1,2,3,2,5,1,3,1,3,5,1,4,3
8,4,1,4,4,1,5,4,4,5,4,4,4,2,5,4,5,3,3,4,5,5,5,2,3,5,5,2,2,5,1,5,5,2,2,5,5,5,2,5,5,4,1,3,1,4,3,5,4,5,2,4,2,4,4,2,3,1,5,4,5,2,5,2,5,1,1,1,1,1,1,2,4,5,1,2,2,2,4,5,4,3,2,3,1,1,4,5,3,5,4,1,5,5,1,3,1,5,3,3,1,5,4,5,2,4,3,4,3,3,4,3,3,2,5,5,2,4,1,1,1,2,2,3,1,4,4,1,1,1,2,2,2,5,4,4,3,2,5,5,4,2,3,2,1,2,1,1,3,4,2,1,2,4,4,5,4,3,1,5,3,2,1,4,1,2,5,5,5,4,3,3,1,4,5,5,2,2,5,5,4,3,2,3,4,5,3,5,5,1,3,3,5,4,1,5,2,2,1,4,5,3,1,4,3,2,2,3,1,2,5,3,3,2,1,5,1,4,4,2,2,2,4,1,1,2,5,1,4,3,3,3,5,2,4,5,4,4,2,3,2,5,5,5,2,4,4,1,5,4,1,4,5,3,5,2,4,4,2,2,3,4,4,3,1,3,5,4,2,5,4,3,5,4,1,1,2,4,1,3,4,3,3,1,4,5,1,1,4,4,3,4,3,1,2,5,1,4,5,2,2,3,5,3,1,5,1,3,5,3,5,3,2
9,3,2,3,5,5,5,4,1,5,2,5,4,2,4,2,3,1,1,4,1,4,4,4,1,4,1,4,5,4,2,4,3,4,2,2,1,5,4,1,5,4,3,4,2,2,3,1,5,4,2,1,3,2,3,4,5,2,2,4,1,5,2,5,2,5,3,2,5,1,3,3,1,5,4,1,5,1,1,2,5,4,2,1,1,1,5,5,2,4,2,3,1,1,1,2,2,1,2,5,5,2,1,2,2,2,3,5,4,4,3,2,3,3,1,5,4,2,4,4,5,4,4,3,5,1,2,4,2,1,2,1,3,4,1,2,4,3,4,1,3,2,3,3,5,3,3,4,2,4,4,1,4,5,5,1,2,2,4,4,4,2,3,5,3,3,2,3,1,4,1,5,4,3,5,4,3,1,4,3,1,5,5,5,5,2,4,4,2,3,3,5,1,3,1,4,1,4,2,2,5,3,5,4,5,1,4,2,3,4,4,1,3,2,4,4,1,5,2,3,4,4,2,5,4,2,1,5,3,4,2,1,3,2,2,3,1,1,5,4,3,3,3,1,4,5,2,2,3,4,1,4,4,1,3,4,2,1,5,3,1,5,5,4,4,4,1,1,3,4,5,2,3,1,3,3,3,3,2,4,5,3,3,3,4,1,1,2,1,3,3,3,2,3,1,4,4,5,1,3,4,1,4,3,4,5,5,4,1,1,1,4,1
10,3,5,3,1,3,1,4,3,4,4,2,1,5,1,5,1,4,3,3,2,5,5,5,4,5,3,4,1,5,5,1,5,1,4,3,1,2,1,5,4,4,1,3,2,4,5,5,3,4,1,5,3,4,4,4,4,4,5,3,4,2,2,3,1,1,1,2,1,5,4,2,3,3,4,2,1,1,5,5,1,3,3,5,4,1,5,5,1,1,3,4,4,1,2,5,5,1,2,3,1,1,5,1,1,1,5,3,3,1,5,3,3,3,5,5,1,4,3,4,5,5,5,4,5,1,5,2,4,2,5,1,3,5,1,4,2,2,2,4,1,4,2,5,3,4,4,1,1,4,2,3,1,2,5,1,2,2,3,3,5,2,2,3,1,1,4,3,4,3,5,2,5,3,2,1,1,4,3,3,1,5,2,5,5,1,1,1,4,5,3,2,4,3,5,1,5,2,4,4,2,3,3,4,4,1,3,2,3,1,4,4,1,2,4,5,4,5,1,1,4,3,5,2,4,2,4,3,3,3,3,1,1,5,2,4,4,1,4,1,5,2,5,3,3,3,5,4,2,3,3,3,2,3,2,3,5,5,2,5,2,5,5,2,4,5,3,4,2,4,1,1,5,5,3,4,1,5,4,5,5,1,1,5,2,5,5,3,3,3,2,2,5,3,2,1,5,4,5,4,3,4,3,1,4,5,3,5,2,3,4,3,5
11,1,3,4,2,1,2,3,5,5,4,5,1,5,4,3,3,5,2,3,5,4,5,3,4,5,1,4,1,2,4,1,3,3,2,4,4,4,2,4,3,1,3,3,1,3,2,1,3,5,3,2,4,3,4,5,3,1,4,5,1,1,1,1,3,3,3,5,5,5,2,5,3,3,2,2,5,4,2,1,3,1,3,3,2,2,1,3,1,4,1,5,1,5,5,5,4,1,1,4,3,2,1,2,4,3,3,3,4,5,5,2,5,5,3,3,2,1,2,2,4,4,2,2,2,5,4,2,3,3,5,5,1,1,1,5,5,5,3,5,3,1,1,1,2,2,4,4,4,2,2,4,4,5,4,5,3,2,4,2,2,2,3,1,4,1,1,1,2,5,2,2,1,2,1,5,4,1,5,4,3,1,1,3,3,1,3,2,4,4,4,2,3,5,3,1,4,3,5,1,2,2,5,1,4,3,1,2,5,5,3,5,5,1,4,3,1,4,1,1,5,4,3,3,4,5,2,1,5,4,1,3,2,3,4,1,4,1,5,2,5,5,4,2,1,1,3,1,4,5,5,5,2,1,4,2,3,4,4,4,5,4,1,4,5,4,3,3,5,1,1,2,5,4,5,2,5,5,2,1,4,2,3,1,3,1,4,4,5,3,1,4,2,4,2,1,4,4,1,4,2,4,3,5,2,3,1,2,5,5,1,1,2
12,4,1,4,3,5,4,5,4,3,1,3,1,1,5,3,4,3,5,1,5,2,2,4,5,4,4,2,4,2,1,5,4,2,3,4,1,1,3,2,4,2,1,2,1,2,3,5,3,3,5,5,4,4,3,3,1,1,4,4,1,1,2,2,1,2,5,4,4,1,3,1,2,3,2,5,2,5,5,2,2,5,3,5,4,5,3,4,1,1,3,5,2,3,4,4,1,4,3,4,3,2,1,4,3,5,1,2,3,2,2,4,4,3,5,3,5,2,1,3,3,5,2,2,5,2,4,1,3,1,3,4,2,5,4,1,5,2,4,5,4,4,2,3,5,2,4,2,3,5,3,1,5,3,4,5,5,2,4,1,3,2,3,1,1,5,1,3,4,4,5,3,3,1,3,2,1,2,5,4,5,4,5,3,2,4,1,2,1,2,2,5,4,4,2,3,3,1,1,5,2,1,1,2,5,1,5,4,5,3,3,5,3,4,2,3,3,5,4,2,5,5,4,2,4,2,4,5,5,1,3,4,1,3,4,2,3,5,1,3,3,5,4,2,5,2,4,3,2,1,1,5,4,5,5,5,1,1,5,1,4,5,1,2,5,5,4,3,3,4,4,4,3,4,1,5,5,2,2,5,1,3,3,1,3,4,5,5,1,3,2,2,3,2,1,1,3,2,1,1,4,4,1,3,5,5,1,1,1,3,4,1,1
13,2,3,1,2,5,1,1,2,3,1,5,1,5,4,4,5,3,1,1,4,5,1,1,3,2,4,4,2,1,3,3,4,3,2,1,2,5,4,3,5,3,1,1,1,3,5,1,5,3,5,3,3,4,3,3,2,1,4,4,4,2,3,1,5,3,2,3,3,2,4,4,1,1,4,5,3,5,3,4,1,1,5,1,4,5,3,1,2,1,3,5,3,2,4,1,5,4,3,5,4,5,2,2,1,1,2,5,2,1,2,2,5,4,1,5,2,2,4,1,1,3,1,4,3,3,2,2,1,3,2,4,2,2,3,3,5,4,3,1,4,4,3,4,3,2,5,2,3,3,2,1,1,1,3,4,3,4,2,5,4,1,3,2,1,2,5,3,3,5,3,4,2,1,5,4,1,1,5,4,1,1,4,3,1,2,4,1,5,2,1,2,2,3,2,3,4,3,5,1,4,4,5,3,1,3,2,3,4,1,3,1,1,2,2,4,5,1,5,4,1,1,5,3,2,3,5,2,3,2,1,3,2,2,2,3,4,3,5,3,2,1,3,3,2,1,1,5,3,1,1,4,4,1,5,1,2,3,5,2,5,2,3,3,4,2,4,2,4,3,5,4,2,2,3,2,1,5,4,5,3,4,4,1,3,2,1,1,5,5,5,1,2,4,5,2,3,5,4,3,3,4,5,1,4,4,4,3,2,1,5,5,2
14,4,1,5,5,4,2,1,2,2,1,1,5,5,1,3,5,3,1,5,2,1,4,3,1,1,5,5,5,4,5,1,5,2,5,4,2,1,1,3,2,3,2,2,4,3,4,2,1,2,4,3,3,4,3,5,1,1,1,3,3,2,2,1,5,2,2,3,5,1,2,5,5,1,5,5,5,2,1,5,5,2,1,3,2,1,5,1,1,1,3,1,3,5,3,5,5,3,2,4,1,4,1,1,5,1,1,3,4,3,1,5,3,3,2,1,5,3,3,5,1,2,3,2,4,1,4,4,4,1,1,5,2,2,5,5,4,5,3,2,5,3,3,3,3,4,3,4,4,3,2,3,3,3,2,1,1,4,4,2,5,1,4,1,2,2,5,5,2,4,1,3,5,3,4,5,3,4,1,4,5,2,1,3,5,2,4,2,5,5,2,4,2,5,5,3,3,1,5,3,2,4,2,4,3,1,2,2,2,4,3,2,2,1,1,3,3,5,1,5,4,5,2,5,3,4,2,5,4,4,2,5,4,4,1,4,1,5,5,5,3,5,4,2,1,3,5,5,2,2,3,1,5,3,4,4,3,5,3,5,2,3,5,3,3,5,5,1,3,4,3,3,5,3,3,4,5,3,2,1,4,3,2,3,3,5,5,5,2,3,1,4,5,5,3,3,2,2,5,3,1,4,3,3,2,4,5,3,5,3,5,4,2
15,4,1,2,4,1,3,3,5,2,3,2,3,5,4,5,1,3,1,1,2,3,1,4,1,4,2,1,5,2,4,2,1,3,3,4,4,3,4,2,5,5,2,5,1,2,4,2,3,4,3,4,5,2,1,4,4,3,5,3,3,5,1,3,3,4,5,2,1,1,5,4,4,5,4,1,1,2,5,3,3,2,2,4,2,2,3,4,2,2,4,5,4,3,5,1,4,3,5,4,2,4,1,4,5,5,4,5,2,4,2,2,3,4,5,2,3,4,4,1,1,2,1,2,5,2,1,5,1,2,3,4,1,2,5,1,1,4,2,3,5,2,5,1,4,4,3,4,1,3,2,4,3,1,5,5,1,1,5,3,5,1,4,2,4,4,1,5,3,4,5,3,4,3,5,2,5,1,3,2,3,3,4,1,3,5,5,4,1,1,5,2,4,4,5,5,2,2,1,4,4,5,1,4,1,1,5,1,2,2,3,5,3,2,3,5,5,1,4,1,5,2,2,1,5,2,5,2,5,3,5,5,1,3,4,1,4,2,4,5,4,1,1,4,1,1,4,3,3,2,1,4,1,5,1,1,3,4,1,3,2,3,3,3,1,1,2,5,5,5,2,5,5,3,1,1,3,3,3,1,5,3,2,3,4,3,1,3,4,2,5,3,4,4,2,1,3,4,2,5,4,2,1,1,4,4,3,2,4,3,3,4,1
16,2,2,1,4,2,4,4,3,1,4,5,1,2,3,2,2,1,2,4,2,3,3,5,3,2,3,1,3,4,1,5,4,2,2,2,4,4,4,1,1,2,3,2,5,1,4,1,4,5,5,1,4,5,2,2,4,1,5,1,2,5,1,3,4,4,3,2,5,4,3,3,2,2,1,4,1,3,5,5,2,5,5,5,3,5,5,5,1,3,2,1,4,3,3,4,4,4,2,5,3,5,5,4,2,1,2,5,2,4,1,4,1,5,1,1,1,2,2,5,1,3,5,1,1,2,5,1,1,5,3,5,5,3,5,1,5,3,4,5,2,1,1,2,2,5,2,4,3,2,2,4,1,1,5,4,3,3,4,3,1,3,3,4,4,3,2,4,5,5,1,3,2,1,3,4,5,2,5,4,3,4,4,5,2,4,5,2,3,3,1,5,2,4,3,2,5,1,3,2,2,2,5,5,5,4,2,3,5,5,2,5,4,4,5,2,2,2,1,5,2,4,3,3,2,3,3,1,4,4,1,1,3,5,3,1,4,3,5,3,2,3,1,4,4,1,2,1,3,1,1,2,3,5,5,4,1,4,2,5,1,2,2,1,2,1,1,3,4,2,2,3,3,3,5,5,5,1,2,4,1,2,2,3,3,1,3,2,3,5,3,2,1,4,3,2,4,4,5,4,2,2,3,3,3,4,4,5,3,1,5,1,4
17,5,5,2,4,4,5,4,5,2,5,4,4,5,5,5,3,4,4,3,5,2,5,5,3,4,5,4,1,4,2,2,5,4,5,3,2,5,3,5,4,4,4,4,1,3,3,4,1,4,1,4,2,2,5,4,3,5,2,4,5,4,2,5,2,1,2,4,3,2,3,1,5,5,3,5,2,3,4,2,2,2,4,1,5,3,1,3,5,4,2,2,4,1,1,3,4,1,4,5,2,2,2,4,4,3,2,3,2,3,3,5,3,4,3,2,3,1,2,1,2,4,4,4,1,5,2,4,2,1,5,1,2,5,5,1,4,2,3,3,1,2,2,1,2,4,1,4,2,1,2,1,2,4,4,2,1,3,4,4,3,2,1,2,5,4,5,4,4,5,5,2,5,2,2,2,4,4,5,4,5,4,1,1,5,4,4,2,3,5,3,3,5,4,5,3,4,1,5,5,4,1,1,4,2,5,5,3,4,3,3,1,5,3,1,4,3,5,3,4,3,5,1,5,1,2,5,5,4,3,1,1,4,4,3,3,5,2,3,4,3,1,2,5,1,1,2,5,4,5,3,1,3,4,3,5,3,4,4,4,5,4,1,4,3,3,3,5,3,5,5,4,1,4,4,5,5,3,3,4,2,2,3,2,3,5,4,1,4,3,3,4,3,2,2,3,3,2,3,3,4,1,2,4,1,3,3,4,3,5,4,1,4
18,2,4,3,3,5,5,5,1,5,1,5,1,4,4,3,1,2,3,4,1,5,2,4,3,1,2,1,5,3,1,4,3,4,1,3,4,5,5,1,3,2,3,5,4,2,1,2,1,2,1,1,2,2,1,5,2,3,4,1,1,4,5,4,2,4,1,4,3,2,4,1,2,1,5,3,5,3,4,2,4,3,3,3,1,2,4,4,5,3,3,3,4,5,1,2,1,4,3,2,4,4,4,2,2,5,5,1,2,2,2,5,4,3,5,2,5,1,2,1,2,5,4,3,1,5,4,5,1,3,5,2,4,5,4,2,3,3,2,4,5,2,1,4,3,2,3,4,3,2,4,1,2,5,2,4,2,1,1,5,3,4,4,3,1,1,2,5,5,5,2,5,3,2,3,2,5,3,3,3,2,4,5,3,4,5,5,3,3,2,4,4,3,5,3,5,5,3,1,4,5,5,1,2,1,1,5,4,1,2,3,1,1,2,4,1,1,4,2,1,4,1,3,5,3,1,2,5,3,4,2,3,4,1,4,3,3,1,4,4,1,4,1,2,3,2,5,5,5,1,4,2,2,2,2,5,2,4,5,2,1,3,3,3,5,2,5,4,1,1,3,3,3,2,4,4,4,4,3,1,3,4,3,4,5,1,5,2,3,2,3,5,4,4,3,4,5,4,5,2,5,1,1,1,3,3,3,5,3,2,1,5,1
19,3,5,4,2,3,3,2,2,4,3,3,1,5,5,1,5,2,5,5,1,4,5,5,4,1,4,1,2,1,2,2,1,3,1,5,5,3,2,3,5,3,1,3,2,1,4,5,5,3,1,4,1,5,1,4,3,2,1,2,5,3,3,1,3,1,1,2,3,1,2,4,2,2,1,5,5,5,2,1,3,2,2,1,4,2,4,4,5,1,4,1,5,1,2,4,1,3,1,4,5,5,4,2,2,5,5,4,2,5,2,5,1,3,1,5,3,3,5,5,2,5,4,5,4,5,2,4,1,4,2,4,5,5,2,3,5,1,2,4,4,1,5,2,1,5,2,4,2,3,2,3,2,3,4,5,3,3,4,3,1,4,1,4,3,1,3,4,3,1,1,3,2,4,4,3,2,1,5,5,3,2,2,4,1,2,5,1,1,3,2,3,2,4,3,3,5,3,2,5,3,3,4,3,1,5,1,5,4,3,3,3,5,3,1,3,4,1,3,3,2,5,1,2,4,5,1,3,1,3,5,3,4,3,4,5,5,1,4,4,2,2,2,3,2,4,3,5,1,2,5,4,1,5,1,2,4,1,5,2,2,5,5,1,3,2,1,5,1,5,4,5,5,5,3,5,2,2,1,3,1,2,2,4,5,2,1,1,5,5,4,3,1,5,1,5,2,1,2,1,3,4,2,5,3,1,2,1,1,1,4,4,5
20,2,3,3,3,1,4,2,1,4,4,2,2,2,1,5,2,5,1,5,3,5,2,1,2,3,2,2,2,4,3,2,2,2,1,4,1,4,2,3,5,5,2,1,3,4,2,3,3,4,3,1,1,1,3,1,4,3,5,3,4,5,3,1,2,2,1,2,2,1,1,3,3,1,4,2,3,2,5,1,4,5,5,5,1,3,1,3,5,5,4,3,5,2,4,1,4,2,3,1,1,3,4,5,4,2,5,4,3,2,2,2,5,1,5,4,1,4,1,5,2,3,2,5,1,2,5,4,3,2,1,4,5,3,1,5,5,2,2,1,5,2,3,3,5,2,1,1,1,3,2,2,3,1,1,5,4,2,2,2,4,5,4,1,1,2,3,2,3,4,1,3,4,1,3,2,2,2,4,2,5,1,4,2,1,3,2,1,5,3,5,1,5,1,1,5,1,2,1,4,1,4,1,1,5,2,2,3,5,5,2,5,2,5,1,2,2,4,5,5,2,1,1,1,5,4,2,3,4,3,4,1,5,3,4,5,3,2,4,2,1,2,2,4,1,2,5,3,2,1,2,3,1,4,1,4,1,3,3,1,2,3,4,4,5,4,5,1,1,1,2,2,5,4,4,1,3,2,2,1,2,1,5,4,3,4,4,5,2,3,2,4,1,4,2,4,1,5,2,4,2,5,4,4,2,2,1,5,1,4,2,4,4
21,3,3,4,2,4,3,2,4,5,5,4,2,4,4,3,5,3,3,4,3,5,3,5,3,5,3,3,2,5,5,5,1,3,5,1,2,5,5,1,3,2,5,3,2,4,4,2,1,2,2,1,1,3,3,1,4,4,2,5,2,2,5,1,4,2,5,3,2,4,1,2,2,5,3,3,1,4,1,2,2,3,4,5,4,2,5,4,4,5,2,4,5,2,5,5,4,2,4,1,1,2,5,4,4,2,2,1,3,2,3,2,5,5,1,1,3,2,4,1,4,4,2,3,2,1,4,2,2,2,1,3,2,1,4,5,1,5,2,2,1,5,2,4,3,3,2,5,2,5,4,5,2,4,1,3,2,2,2,4,1,5,1,4,2,3,2,5,3,2,3,1,4,2,5,1,2,1,5,2,5,3,5,3,2,3,2,2,4,2,3,4,4,2,5,5,4,2,5,2,2,4,4,1,5,5,5,3,2,4,5,1,5,2,2,4,3,4,5,1,4,3,4,2,5,5,5,5,5,5,1,3,5,3,5,4,5,2,1,4,4,2,5,1,4,1,4,5,4,4,3,5,2,2,5,2,5,2,3,2,4,5,1,1,5,3,2,3,1,5,5,3,3,2,4,4,2,4,1,4,2,4,5,3,1,5,5,2,3,3,1,2,1,4,5,1,5,2,4,2,4,4,5,2,2,1,2,1,3,3,3,2,2
22,1,4,1,3,1,4,2,1,3,3,2,1,4,2,1,5,3,4,4,4,3,1,2,1,2,4,1,4,5,4,4,2,5,4,4,5,5,1,2,5,5,3,5,2,4,4,4,4,3,5,4,1,4,5,4,3,2,2,5,2,2,1,5,5,2,2,2,3,4,3,5,1,4,1,5,5,1,1,1,5,2,1,4,5,3,3,4,2,1,5,1,5,3,1,4,2,4,2,1,1,2,3,5,4,4,4,1,4,5,5,2,1,5,3,1,1,5,3,2,5,3,1,3,1,5,5,4,4,4,5,2,5,3,5,5,1,1,1,5,2,3,3,2,2,3,4,1,1,3,2,4,3,1,5,2,5,3,1,4,5,4,1,5,4,4,5,1,4,3,5,2,2,1,3,4,2,1,3,3,1,1,4,1,4,4,5,3,3,3,5,4,4,1,5,1,5,1,2,3,3,4,2,3,4,2,3,1,5,2,4,2,4,2,4,3,1,3,1,3,3,2,5,4,4,4,1,4,4,2,3,4,5,4,1,1,1,4,2,5,4,2,2,4,4,2,2,2,4,2,1,4,1,3,4,3,2,2,5,2,3,2,4,2,5,2,3,3,2,3,3,5,4,5,1,5,2,4,2,1,4,3,5,2,1,3,5,3,5,4,3,3,3,4,1,5,3,4,1,5,4,5,3,1,4,1,3,1,1,2,1,5,4
23,2,4,4,3,3,2,3,3,3,4,2,4,5,4,5,1,1,5,5,4,5,2,1,1,5,3,3,5,2,3,5,2,2,4,2,3,3,5,5,2,1,4,1,2,2,1,4,1,5,3,5,3,2,4,1,4,1,5,5,1,4,1,2,5,2,5,5,3,2,2,3,4,2,1,3,2,4,2,5,1,3,5,4,5,5,4,5,3,2,5,3,2,2,5,3,5,4,2,5,2,3,1,5,5,2,3,4,3,5,4,3,1,2,3,3,1,5,2,3,4,3,2,3,1,3,3,4,1,1,3,4,3,3,2,2,4,5,2,5,1,2,2,4,5,2,2,4,4,5,1,1,3,2,5,2,5,5,5,2,4,2,5,3,1,5,3,4,5,3,5,2,3,2,2,3,1,3,1,5,5,3,5,4,2,2,1,5,1,2,2,5,4,4,5,5,1,5,4,5,1,1,1,1,3,5,2,5,3,1,3,4,4,5,5,2,2,4,1,3,2,2,1,1,5,3,1,2,2,4,1,5,3,5,2,5,2,2,2,2,2,4,5,4,4,1,1,1,3,1,5,4,5,1,3,3,4,5,2,5,1,2,3,4,4,3,1,3,1,2,3,1,2,3,4,3,5,3,5,2,3,2,2,1,2,2,3,3,4,1,2,1,5,2,1,4,4,2,5,4,4,5,1,4,3,4,1,1,2,3,1,5,3
24,3,5,4,5,5,4,4,4,4,4,5,2,2,1,2,2,5,4,4,5,2,5,1,4,3,1,1,5,2,4,3,1,3,2,2,3,4,2,3,1,3,3,5,2,4,4,5,4,3,5,1,2,2,2,3,1,5,5,2,1,1,1,4,4,2,1,1,5,5,2,1,2,5,5,4,2,2,1,1,4,3,3,3,2,2,5,2,2,2,4,2,1,1,5,4,1,4,4,5,4,2,4,5,5,5,1,2,1,3,2,4,5,3,2,1,5,1,2,2,3,4,1,3,5,4,3,1,2,5,1,4,4,2,2,5,5,2,2,4,2,3,1,2,5,3,5,3,2,1,5,3,4,2,1,2,4,1,4,2,3,2,2,2,5,4,4,4,5,3,2,3,5,4,2,1,1,3,4,1,3,5,3,3,3,2,3,3,2,2,5,4,1,1,3,5,3,1,2,4,5,2,4,5,5,1,2,5,5,4,1,3,1,3,2,2,5,2,5,1,2,1,1,2,1,2,2,2,3,1,4,2,1,5,2,2,4,3,3,2,1,5,5,1,2,5,3,1,4,2,1,5,2,3,2,2,3,3,2,3,1,3,3,2,1,4,4,5,3,3,1,4,5,1,3,4,5,2,4,5,1,2,5,5,3,4,3,2,5,3,4,2,1,3,2,1,3,2,2,3,2,5,3,2,1,1,5,3,2,2,1,5,1
25,1,5,3,2,3,4,4,4,5,1,3,2,4,3,4,4,2,5,1,5,3,5,3,3,1,2,1,5,3,4,4,3,1,2,1,3,3,2,5,5,2,5,4,5,5,5,4,5,4,2,1,2,1,2,1,1,3,1,1,3,5,5,3,4,1,1,3,3,4,5,2,5,1,3,4,5,4,5,1,2,4,4,2,4,4,5,5,2,1,4,1,2,2,5,4,3,2,4,1,5,1,2,2,1,2,4,2,5,4,3,2,2,5,5,1,1,1,5,1,1,3,1,2,5,4,3,5,5,2,1,2,1,1,5,1,3,3,3,5,2,4,1,4,2,2,5,3,3,2,5,5,1,3,2,4,3,1,5,2,3,4,1,1,3,4,1,2,1,4,5,5,3,4,1,1,5,5,2,5,2,1,2,2,3,5,2,1,4,2,5,3,1,3,4,2,2,5,2,1,4,3,4,2,3,5,4,3,3,3,1,4,3,4,3,5,5,5,2,3,2,4,2,4,4,4,2,3,2,3,3,4,2,3,5,3,5,2,2,2,3,1,3,3,4,4,3,5,4,3,1,5,2,3,3,5,4,4,4,2,5,5,4,4,1,1,3,3,5,5,2,2,1,3,1,1,3,2,3,4,4,4,5,2,2,5,1,4,4,1,3,3,2,5,2,3,1,2,4,4,1,3,4,4,5,2,3,2,3,4,5,2,4
26,3,2,2,4,2,5,5,4,3,4,5,1,1,2,2,1,5,2,4,4,5,2,4,2,2,4,1,4,5,3,4,2,2,4,3,4,3,3,5,2,2,3,2,1,3,2,1,5,2,1,4,4,1,3,3,2,4,3,3,4,5,3,1,2,3,3,5,1,2,3,2,4,3,3,4,5,3,2,1,2,5,1,2,2,4,5,4,1,4,5,3,3,1,3,4,1,5,1,1,2,2,1,3,2,5,4,2,1,3,4,2,3,3,3,1,5,3,4,2,4,1,1,4,5,1,1,4,1,5,5,5,2,5,5,2,3,1,5,1,4,1,2,1,1,1,3,3,4,2,1,1,1,1,3,4,5,2,1,4,5,4,3,5,4,3,4,4,5,3,1,2,5,3,4,3,2,2,1,1,2,5,5,4,1,4,1,2,5,5,2,4,4,3,1,4,2,4,5,1,3,1,5,5,5,5,2,3,5,5,4,3,1,3,3,3,5,5,2,1,4,3,1,1,2,4,3,4,2,5,1,3,5,2,4,1,3,5,5,1,4,2,4,4,4,1,1,2,4,1,2,2,4,3,4,3,2,1,5,2,1,2,4,3,2,1,4,5,4,3,4,5,1,2,3,5,3,4,3,5,2,2,3,1,3,4,2,2,2,1,1,5,3,3,4,2,1,4,4,1,3,2,3,4,2,5,4,3,3,3,1,4,2
27,3,3,1,2,4,5,1,4,5,3,3,2,5,3,3,2,4,3,1,1,4,5,2,1,1,4,5,5,4,1,2,1,5,1,2,3,1,4,3,4,4,4,1,5,3,2,5,1,4,2,3,5,5,2,1,3,2,4,3,5,2,5,5,5,1,5,4,4,3,5,5,2,1,3,5,2,1,3,3,5,3,2,3,4,2,1,1,5,5,4,1,1,1,1,3,2,2,4,3,1,1,5,5,4,1,4,3,2,1,3,1,5,4,5,2,5,1,5,1,2,5,4,4,4,5,5,5,1,2,4,1,4,1,5,4,5,4,3,1,3,1,2,4,2,2,1,3,5,1,5,2,5,3,1,3,3,1,3,4,4,4,5,3,1,1,5,1,4,3,1,1,2,2,2,3,4,4,4,3,3,2,1,5,5,1,2,1,1,5,2,3,5,3,2,1,4,4,2,4,3,4,2,2,3,4,4,1,5,2,1,2,1,5,1,2,4,2,3,3,3,3,5,4,4,2,1,2,2,2,2,4,1,2,4,2,3,2,2,5,3,1,2,1,3,2,5,4,5,5,4,4,4,2,1,1,4,5,3,4,5,5,2,2,1,1,3,3,3,3,5,5,1,2,2,4,5,3,3,4,2,3,2,4,2,2,2,3,1,5,2,2,2,1,4,3,1,2,1,1,1,4,5,3,4,4,5,4,1,1,2,4,2
28,3,1,3,5,1,3,5,3,5,5,1,2,5,5,1,2,4,4,2,3,1,2,4,5,4,5,1,5,2,5,3,2,1,2,3,1,4,3,1,5,2,1,2,5,1,4,3,1,5,1,2,1,4,1,3,1,2,1,4,5,1,1,3,4,5,2,1,5,2,4,4,5,2,4,5,4,4,4,3,2,5,5,2,2,2,2,1,5,1,4,4,5,4,2,1,2,4,1,2,5,2,4,1,5,1,5,1,4,5,3,1,1,2,5,3,4,2,3,5,3,1,1,2,5,5,3,2,5,1,3,4,1,2,5,1,4,4,2,1,3,1,4,2,2,3,2,2,2,2,2,4,1,5,2,5,5,4,2,5,2,3,3,3,5,3,4,4,5,2,1,2,2,2,2,1,3,2,4,5,5,4,2,1,3,5,3,1,5,3,1,3,2,1,3,2,2,1,4,5,1,2,2,1,4,5,3,1,5,5,2,3,1,2,2,4,5,1,1,1,2,4,3,2,3,4,5,1,3,2,3,5,1,3,5,2,4,2,1,2,2,2,2,1,5,3,4,3,3,4,1,4,1,3,1,5,4,5,3,4,3,5,3,4,4,3,4,4,3,5,4,4,4,4,3,5,5,1,4,4,1,5,2,2,5,4,2,3,3,1,5,5,2,4,5,2,2,5,2,1,1,5,4,1,1,5,3,2,1,3,4,3,5
29,4,4,3,5,1,3,1,3,1,3,4,2,4,1,5,4,2,1,4,3,5,1,4,1,3,2,4,1,1,1,2,1,5,5,1,5,4,5,1,3,4,2,1,2,3,2,1,1,3,1,3,3,1,5,3,1,5,3,5,4,4,5,3,1,2,1,2,2,3,5,1,5,4,3,3,4,1,4,1,2,3,1,5,5,3,4,4,1,4,3,1,2,4,4,1,5,4,3,4,2,4,5,4,1,4,5,1,3,1,2,1,3,4,1,1,1,1,3,5,5,1,3,3,1,2,1,2,1,2,2,1,2,4,5,3,2,2,3,2,3,1,4,4,5,2,5,1,4,1,1,2,1,4,5,4,2,4,3,5,3,3,2,1,3,4,1,4,4,1,1,4,2,5,5,2,1,4,5,4,2,4,2,1,2,2,5,4,5,3,2,3,5,4,5,4,4,1,2,5,4,5,5,4,3,2,2,1,1,1,2,3,2,2,2,2,3,1,5,1,1,5,2,3,3,1,5,4,2,1,3,5,5,1,4,3,1,4,5,2,3,3,4,1,5,4,2,2,2,4,5,3,1,3,5,3,4,2,5,5,3,4,3,3,5,3,2,3,2,5,4,2,4,4,2,5,1,4,4,5,5,3,5,4,2,1,3,2,1,1,1,2,3,3,1,2,1,5,3,4,1,5,3,2,3,2,2,1,1,3,5,3,4
30,2,2,1,5,1,4,3,3,5,1,1,4,3,1,5,3,4,5,2,4,5,1,2,4,1,2,3,1,5,4,2,1,3,4,4,1,3,2,1,2,4,2,3,5,3,2,1,4,5,1,1,3,2,3,2,3,1,4,2,5,5,1,3,3,1,5,5,3,2,4,2,5,2,4,2,2,2,2,1,5,4,5,1,1,1,1,2,5,3,4,1,5,1,1,1,1,1,4,5,1,1,1,1,2,2,3,1,3,4,3,5,2,2,1,1,4,4,5,1,1,4,4,4,2,3,3,1,2,4,1,2,5,2,1,3,4,5,2,1,1,4,1,1,4,5,3,3,2,5,2,3,4,1,3,5,3,5,5,5,2,4,3,4,1,3,4,4,1,5,3,3,1,5,3,3,3,5,1,3,4,5,2,1,4,3,2,1,5,2,2,4,1,4,4,3,5,2,1,5,5,1,5,3,5,3,2,2,4,3,2,5,1,1,3,4,5,3,1,3,5,2,5,2,2,2,3,1,3,1,5,4,5,3,3,1,3,2,3,1,1,2,1,4,5,3,4,3,4,3,2,1,1,2,4,5,4,1,5,3,5,4,2,3,4,3,5,1,4,2,5,4,2,4,5,4,3,5,4,1,4,3,2,2,2,1,3,5,2,3,4,1,3,3,5,3,5,1,1,4,5,5,2,2,4,1,2,3,1,3,5,1,4
31,5,5,3,5,2,1,2,3,3,1,5,4,3,1,4,5,3,1,1,1,3,4,1,5,1,4,3,1,1,5,5,1,1,5,4,2,2,1,5,3,3,2,4,2,1,4,3,5,5,1,2,1,5,3,5,4,5,5,4,2,5,1,5,1,4,5,4,4,2,5,1,1,5,2,2,2,1,4,2,1,1,4,5,5,2,2,4,2,4,1,2,1,3,4,3,2,1,2,3,2,5,3,2,1,2,1,5,2,5,3,1,3,1,5,4,2,5,1,1,1,1,2,3,4,2,1,2,5,1,4,1,4,4,3,3,2,2,4,1,5,5,1,1,3,5,4,2,3,5,1,5,4,3,1,4,2,3,4,4,1,2,4,3,4,5,3,3,4,1,3,5,1,1,1,3,1,4,1,5,2,5,3,1,1,4,1,5,3,2,1,2,1,3,5,3,2,1,2,5,3,2,2,5,1,2,5,1,1,3,5,1,3,4,5,4,1,5,3,1,5,5,4,1,3,3,1,1,2,4,1,1,2,2,5,3,4,5,1,2,3,5,3,2,5,5,3,2,1,5,1,2,5,5,1,4,1,1,4,2,2,5,3,3,5,3,1,1,4,4,5,5,5,1,3,5,5,1,1,1,3,5,2,2,5,5,5,5,3,2,4,2,2,1,5,5,5,1,3,3,4,3,3,5,2,3,3,1,4,1,5,2,4
32,1,3,3,4,3,1,1,3,3,5,2,4,1,4,5,1,5,5,3,4,4,3,4,3,1,5,5,4,2,5,3,2,2,5,5,5,3,2,4,3,1,5,2,3,1,3,3,4,4,3,1,2,2,5,5,2,3,3,4,4,5,2,3,2,1,2,1,4,4,5,2,2,1,4,1,4,1,4,1,4,1,2,5,1,5,2,2,4,5,3,4,5,1,1,2,3,1,5,5,1,5,5,2,3,2,3,5,3,5,5,2,2,4,1,4,4,3,5,5,5,1,3,3,5,4,1,4,2,3,3,4,1,3,4,1,4,1,5,1,2,5,4,5,5,4,4,2,4,3,3,2,1,1,3,4,2,1,1,5,3,4,2,1,5,3,3,2,1,2,2,5,3,4,3,3,5,4,1,4,1,4,2,4,5,1,3,5,1,1,3,2,5,3,3,2,5,3,2,5,4,1,2,1,4,3,3,5,2,2,5,1,3,3,2,2,5,4,1,4,4,2,2,2,4,1,2,3,1,3,1,2,5,2,4,4,1,4,2,3,2,1,4,3,5,3,3,2,5,1,1,3,3,4,5,3,4,5,1,4,5,4,3,2,1,3,3,5,4,1,3,5,1,4,3,3,3,1,1,1,1,5,2,5,3,5,4,1,4,4,3,1,4,3,1,2,3,5,1,4,4,5,5,4,1,3,5,5,5,2,1,1,1
33,1,1,4,5,4,2,3,5,2,4,3,2,3,2,4,3,2,4,5,4,4,5,4,5,5,5,2,3,2,5,3,3,5,3,3,2,3,5,1,1,1,5,1,2,5,5,5,3,3,3,4,2,5,5,3,5,5,1,5,4,3,2,2,1,2,2,3,3,4,1,2,4,1,2,2,3,5,1,2,1,4,4,5,2,3,2,1,4,1,5,4,3,4,2,2,4,5,2,2,3,4,2,5,1,4,3,2,5,4,5,5,3,4,2,3,2,1,5,1,5,3,2,2,3,4,1,1,2,2,2,3,4,1,5,3,1,4,3,1,3,1,1,4,5,4,1,3,4,5,1,4,4,4,4,3,5,5,1,2,3,1,1,4,2,2,3,2,1,2,2,5,1,2,2,4,2,2,5,1,3,1,4,1,2,4,1,4,3,1,2,4,5,4,5,2,3,5,3,4,2,5,4,1,4,3,2,2,4,1,3,4,4,2,3,1,2,4,2,2,5,2,2,3,2,1,4,3,2,1,4,3,1,2,5,5,3,1,4,1,5,3,2,1,5,4,3,2,1,4,2,5,5,4,5,3,4,5,1,5,3,2,2,5,2,5,3,2,1,5,2,3,3,1,3,3,2,5,4,3,3,4,3,2,2,4,3,3,5,3,2,1,1,1,1,3,3,5,3,1,4,4,2,2,3,4,1,1,1,3,3,5,1
34,1,3,3,5,5,2,4,1,1,5,5,2,4,2,4,1,2,5,2,2,1,5,5,3,3,3,1,2,5,5,2,5,2,1,1,1,2,2,4,5,5,4,4,1,4,2,3,2,4,5,2,5,2,5,2,5,3,1,2,3,1,2,3,3,3,4,5,1,5,5,5,3,5,4,2,3,1,2,2,2,5,5,3,5,5,5,3,3,4,4,4,4,2,2,4,4,1,2,1,1,5,3,2,4,4,3,2,4,4,5,1,4,2,3,5,2,5,1,4,2,3,1,1,5,1,2,5,1,3,2,3,3,5,4,5,2,2,5,4,5,2,4,2,4,4,5,5,5,4,4,2,3,5,2,2,1,5,2,1,5,4,1,4,3,3,3,3,2,3,2,2,5,2,2,3,2,4,3,1,3,2,4,3,4,1,1,5,5,3,5,4,5,4,5,5,5,2,2,5,4,3,1,2,5,1,2,3,4,5,3,2,5,1,4,2,4,5,3,4,1,2,1,4,3,3,1,5,5,3,1,1,1,4,5,5,4,2,4,1,4,1,3,1,5,4,1,2,3,2,2,2,3,3,3,3,2,5,5,3,4,1,4,4,4,5,1,4,3,5,3,3,4,3,1,3,4,3,5,5,5,2,5,5,2,5,4,5,5,2,4,3,1,4,3,4,3,3,4,2,4,4,3,1,3,5,4,4,2,3,2,4,3
35,3,5,5,1,5,3,5,1,4,5,3,4,3,4,3,5,5,1,4,1,2,5,4,1,1,2,1,3,5,1,1,2,3,1,5,5,1,3,5,5,3,3,1,4,2,4,4,5,3,5,2,1,2,5,5,5,5,4,1,4,5,3,4,5,5,1,2,4,4,4,5,1,5,5,3,1,4,2,4,5,1,1,1,3,4,3,2,5,3,3,5,1,5,4,5,1,5,3,2,3,2,5,4,5,1,5,2,3,4,5,5,3,4,5,5,2,2,1,3,4,5,5,1,5,3,1,3,1,5,1,2,4,5,4,5,4,2,4,1,4,5,3,4,4,4,5,4,5,5,3,1,5,2,4,2,4,3,5,1,5,4,1,5,1,4,3,3,5,2,4,5,5,3,1,4,1,4,2,3,2,5,3,5,2,4,5,1,4,4,2,2,3,3,1,4,1,1,2,1,1,5,3,3,4,3,4,5,3,5,3,3,5,1,1,1,1,3,2,5,2,2,4,1,3,1,1,2,4,1,5,5,1,2,2,3,4,2,3,5,5,5,1,4,3,4,1,3,3,2,4,4,2,5,1,4,2,3,2,5,1,5,3,3,3,3,2,3,3,2,3,5,5,4,5,1,1,1,2,5,1,4,2,4,5,3,4,3,2,4,4,2,2,1,5,4,4,2,2,5,2,3,3,3,3,5,4,3,2,3,5,2,3
36,4,2,2,4,2,3,2,3,4,1,4,3,5,4,5,5,3,3,1,2,4,3,4,5,2,1,4,2,1,4,2,3,4,2,1,2,3,4,4,4,3,1,4,1,2,1,1,4,5,5,3,3,5,2,4,4,2,2,5,3,2,3,1,4,5,4,5,1,4,1,5,2,4,1,4,4,4,3,1,1,4,2,4,3,5,3,2,4,1,4,2,1,3,5,5,4,3,2,5,3,4,1,4,4,3,5,3,1,3,2,4,5,1,4,3,2,3,4,1,5,4,1,4,2,3,5,1,5,5,5,1,1,5,3,4,5,2,5,1,4,2,4,4,2,5,5,5,3,5,2,3,5,3,2,5,1,2,4,4,2,4,2,1,2,5,5,3,4,4,2,4,5,1,2,4,5,3,4,1,1,4,4,5,4,3,5,2,3,5,5,1,5,3,4,3,2,5,5,5,5,1,1,4,5,2,4,5,1,2,4,2,5,3,2,2,1,5,2,5,1,5,1,1,4,5,3,4,1,3,2,2,4,3,5,3,4,5,5,2,3,5,4,2,5,3,2,3,3,3,2,5,1,5,2,1,1,1,4,2,4,1,4,4,2,3,4,4,1,1,1,5,4,1,2,5,3,4,4,2,3,3,5,4,1,2,2,2,2,1,1,5,4,1,5,3,4,1,3,5,1,1,3,1,2,1,4,3,4,5,4,2,2
37,4,5,1,2,4,4,4,1,3,5,3,5,5,4,2,4,1,5,2,5,5,4,2,2,5,2,2,4,3,1,3,2,5,1,1,5,1,5,1,3,1,4,5,1,5,4,1,1,4,4,4,5,4,5,3,1,1,2,3,4,4,3,4,2,5,1,3,1,5,3,5,4,4,4,5,5,5,1,5,4,2,5,2,4,5,1,1,2,1,1,1,4,1,3,5,1,1,1,3,1,1,5,3,3,1,3,2,3,3,3,4,4,4,3,2,3,1,2,4,5,2,4,2,2,3,1,5,4,2,5,2,1,5,4,2,1,5,2,2,4,1,3,2,5,4,4,2,2,2,3,2,1,5,2,3,5,4,2,5,4,3,1,2,1,3,5,5,3,3,2,4,1,1,5,5,2,3,1,2,5,5,1,5,5,4,3,5,4,2,5,2,5,1,4,4,1,3,4,2,4,3,2,2,1,5,1,5,1,5,4,2,5,4,3,1,3,4,3,3,4,2,5,1,5,1,5,3,2,3,2,4,1,1,4,5,4,4,2,4,1,3,2,2,5,3,2,4,2,2,2,5,2,2,5,3,1,5,5,2,2,1,2,4,2,2,4,1,4,5,4,3,5,2,5,1,1,4,5,2,1,2,3,1,4,3,5,2,1,3,3,1,5,5,4,5,4,3,1,5,4,3,5,2,3,5,3,1,1,1,2,1,2
38,1,3,5,5,1,5,1,1,4,4,4,2,4,1,3,4,4,3,1,2,4,3,1,5,2,3,3,3,4,5,2,1,1,5,3,3,3,3,3,5,4,2,3,4,1,5,4,3,3,3,4,3,4,3,1,1,2,3,3,4,4,3,2,3,4,3,4,3,5,4,2,5,3,4,5,2,4,5,5,5,1,3,4,4,4,5,3,2,4,3,3,1,4,5,3,3,2,1,3,3,5,5,2,2,2,5,5,1,4,4,1,4,5,4,5,1,2,1,4,5,4,4,2,4,2,5,5,2,1,5,1,5,5,3,4,4,1,4,1,5,3,3,5,2,2,4,1,3,4,5,3,1,1,2,4,5,3,1,3,5,3,4,2,3,2,5,2,3,3,1,3,2,1,3,3,5,1,5,5,5,4,5,2,3,4,5,3,1,1,3,2,3,3,4,1,1,5,3,3,2,1,2,4,5,2,1,4,3,4,2,1,2,3,3,1,5,4,4,3,2,2,5,2,4,2,5,4,2,4,3,3,3,2,5,4,1,3,3,1,1,2,4,3,5,2,2,5,5,5,1,3,1,3,1,4,3,2,3,3,3,4,1,2,1,1,5,4,5,4,1,1,4,1,1,2,5,5,5,3,2,5,5,2,1,5,1,5,4,3,5,4,2,4,2,5,2,4,3,1,1,3,1,5,5,4,4,2,4,5,4,1,2
39,2,5,4,1,4,3,4,5,4,2,1,5,3,1,1,2,2,2,5,4,1,4,4,2,4,1,1,3,5,4,5,5,5,5,1,4,3,5,3,1,1,2,5,2,3,4,2,1,5,3,1,4,5,4,4,5,5,4,3,5,1,2,3,5,5,3,2,4,1,5,2,1,3,5,4,3,5,2,1,1,5,3,4,2,5,2,1,4,2,5,4,3,5,2,4,5,4,4,4,2,5,1,1,2,2,4,5,5,3,3,1,3,3,1,1,3,5,3,4,4,4,2,4,5,2,2,4,3,1,3,3,2,2,2,5,5,1,2,4,2,5,2,5,2,4,1,4,5,3,4,2,1,2,2,4,1,3,2,1,3,2,1,4,2,2,1,2,3,2,5,3,1,3,5,5,2,2,4,3,4,5,2,2,2,1,5,2,5,2,3,5,4,1,4,5,2,5,1,5,2,4,3,4,2,2,1,5,5,4,3,3,1,2,1,5,2,1,4,5,3,1,5,5,3,3,3,1,3,4,5,3,5,2,2,3,5,2,3,5,3,5,2,3,2,3,1,2,2,4,2,5,3,1,5,5,5,5,1,4,2,5,2,2,5,4,2,3,2,5,1,2,4,3,3,1,1,2,5,4,3,1,4,5,3,3,5,3,5,3,2,5,4,2,4,3,4,2,5,1,4,1,4,4,5,3,2,2,2,3,1,2,1
40,3,3,5,2,5,2,3,3,4,4,3,3,1,1,5,4,4,3,3,5,4,1,2,5,2,1,1,2,5,2,5,5,3,4,4,1,3,4,5,5,2,2,5,5,2,4,1,2,4,4,4,3,3,4,5,3,2,3,5,1,3,4,4,4,1,5,2,5,1,4,5,2,4,2,3,2,4,3,4,4,3,2,1,1,1,1,5,1,3,1,4,1,2,3,3,5,4,3,2,1,3,2,1,5,3,3,2,4,5,4,3,4,1,5,4,1,2,4,5,1,4,2,4,1,4,5,3,1,1,1,1,4,5,2,5,1,4,4,1,4,1,5,3,4,1,1,4,2,1,4,1,2,3,2,5,4,2,3,1,4,2,3,2,5,4,1,3,2,4,2,4,5,2,5,3,5,4,3,2,2,4,1,1,2,4,1,5,2,5,4,5,1,1,3,2,4,2,5,4,4,1,5,1,1,3,1,2,4,1,2,5,4,5,2,5,5,5,1,1,1,4,2,1,5,5,5,5,3,4,2,2,1,3,2,4,5,1,4,2,3,1,2,1,2,5,3,5,2,4,5,4,2,3,4,2,4,5,2,5,1,2,4,1,5,5,4,1,3,4,5,2,1,3,2,1,4,4,1,3,1,2,2,4,1,4,3,2,5,5,1,1,5,1,2,3,3,4,2,1,1,4,4,1,1,2,4,2,1,5,5,1,4
41,5,4,5,4,5,4,2,4,2,2,1,2,3,2,4,2,4,4,3,2,2,5,5,1,4,3,5,2,1,3,2,2,4,4,5,5,2,2,5,5,2,3,2,3,3,2,1,5,4,2,3,2,5,3,4,4,4,1,3,3,1,3,1,2,5,4,1,1,1,2,1,5,5,4,2,5,3,3,3,1,1,3,4,4,1,3,4,1,3,2,3,3,5,5,2,2,3,4,2,3,1,5,4,3,1,5,1,3,2,5,1,2,4,3,3,5,1,4,5,5,1,4,1,3,2,3,3,5,3,4,3,4,1,5,4,3,5,5,4,4,2,2,5,2,3,1,5,1,2,4,5,2,3,5,5,4,5,4,2,3,3,5,5,2,4,3,4,2,3,3,1,2,2,1,4,1,2,4,3,1,4,4,4,1,3,4,1,2,1,1,1,4,1,2,4,2,5,1,4,4,1,3,3,2,1,1,5,3,3,1,2,1,2,3,5,4,3,2,1,3,5,2,1,4,2,1,4,1,4,4,4,1,4,2,5,5,4,5,5,4,4,2,3,1,4,4,5,2,5,4,4,5,4,3,1,1,1,3,4,5,2,4,3,3,1,4,1,2,1,2,3,1,1,5,3,5,2,2,3,2,3,2,4,1,4,3,3,4,1,1,5,2,5,1,4,2,4,5,3,4,5,5,5,3,3,3,2,3,3,3,4,3
42,2,5,4,1,3,5,5,4,1,2,5,5,5,5,4,1,5,2,2,3,5,5,5,5,5,2,1,1,3,2,5,1,4,4,4,5,5,3,3,3,4,5,4,3,5,2,1,1,3,4,2,5,4,3,4,3,1,1,4,2,5,3,5,1,2,2,5,1,5,4,2,2,4,1,2,3,3,1,4,5,1,5,1,3,4,3,4,5,1,2,2,4,4,3,2,3,5,2,5,1,3,4,2,3,4,1,2,5,1,4,2,2,1,2,4,1,5,1,1,5,4,3,3,5,4,2,5,3,4,1,4,4,3,3,2,2,5,1,2,3,4,5,2,4,4,2,1,1,5,1,5,3,2,4,5,1,5,5,1,1,2,4,2,2,1,1,4,5,2,4,2,5,2,3,4,1,2,4,4,2,1,1,2,4,1,2,2,2,4,1,4,3,1,4,1,3,5,2,4,3,3,1,1,2,1,4,4,4,5,4,1,1,4,3,3,3,2,5,4,2,3,4,2,1,3,2,1,3,5,3,5,5,5,4,4,5,1,5,2,5,4,4,2,2,3,1,1,1,4,1,3,3,1,2,3,2,4,3,2,1,4,5,5,1,4,4,4,4,5,2,4,2,4,3,3,3,4,2,5,1,5,4,3,3,2,4,5,4,4,3,5,1,3,5,2,3,2,3,4,5,2,3,2,3,3,1,1,1,2,4,3,5
43,1,2,2,2,5,5,1,5,1,5,5,5,1,3,1,3,2,2,1,3,3,3,2,1,4,3,3,4,1,3,1,3,5,3,5,1,3,2,2,4,2,5,2,2,2,3,4,1,4,5,3,3,2,2,5,3,1,4,3,1,1,4,1,5,1,5,1,2,1,5,1,1,1,5,1,4,4,5,2,4,3,4,3,5,2,3,3,4,3,5,5,5,4,2,4,5,4,5,1,1,3,2,1,5,4,4,3,4,1,4,1,1,2,3,5,1,3,5,4,3,3,3,4,4,3,2,1,4,2,4,3,2,5,1,1,4,1,5,2,2,3,2,4,5,3,4,4,4,1,4,1,2,1,4,5,5,2,4,1,5,3,4,4,3,5,3,2,1,1,5,3,4,4,4,2,2,4,5,2,2,1,1,5,2,2,3,5,5,3,3,1,5,5,3,4,4,1,4,4,4,2,1,3,4,2,4,2,1,4,2,5,5,2,4,4,1,1,3,1,4,3,1,2,5,1,1,2,4,2,1,4,3,1,2,3,5,3,2,3,2,1,4,5,4,4,4,2,2,5,2,2,2,2,1,5,2,5,3,1,2,1,1,3,5,1,4,3,4,3,4,4,1,1,3,5,1,1,2,1,5,2,4,4,2,2,2,3,5,5,4,4,4,1,4,2,4,2,3,1,1,5,3,2,3,1,2,3,1,2,2,1,2
44,1,4,4,2,2,1,2,5,4,2,2,3,2,5,4,3,1,1,4,1,5,2,4,3,2,1,1,3,5,3,4,3,1,5,5,3,4,1,2,5,3,4,4,1,5,1,2,2,2,4,5,1,1,2,5,5,3,5,5,1,5,5,1,5,1,3,4,1,1,5,1,2,2,3,1,5,5,4,3,5,4,5,4,2,2,5,3,1,3,3,1,2,2,1,4,3,5,2,5,1,5,5,3,1,5,2,1,2,4,5,1,2,5,3,2,2,4,3,4,3,2,4,5,3,2,1,3,3,5,3,3,5,5,4,2,2,4,2,3,4,4,2,1,2,1,4,1,3,5,1,5,3,5,3,5,5,2,1,5,4,2,1,2,1,3,5,4,2,2,2,2,5,1,5,3,5,5,3,5,1,4,3,2,1,4,1,1,2,4,1,2,3,2,5,2,2,2,1,4,2,2,5,5,3,3,5,4,3,4,5,3,2,5,3,4,4,3,4,3,3,4,1,2,5,2,5,5,2,3,4,1,1,1,2,2,3,1,3,1,2,4,4,4,4,5,1,4,5,5,5,3,3,5,4,1,2,3,4,4,2,2,4,2,4,2,2,4,5,4,1,2,3,2,1,3,3,4,5,4,3,3,5,2,5,4,2,4,5,2,5,1,3,2,3,1,2,3,3,2,3,3,2,3,3,4,4,1,4,4,1,3,3
45,4,1,3,5,2,2,2,4,2,2,5,3,5,4,2,3,2,2,4,2,1,3,3,1,4,2,2,3,4,4,4,2,4,1,5,4,5,2,4,3,2,1,1,5,5,3,3,1,4,1,1,3,5,3,3,3,1,4,1,2,3,3,2,3,3,3,2,1,3,4,2,5,2,1,2,5,4,5,2,5,2,4,4,1,4,3,5,5,2,4,1,1,1,3,4,1,3,5,2,4,4,5,4,4,4,4,3,3,2,4,5,1,2,1,1,4,5,1,1,2,5,5,1,5,2,2,2,4,1,5,2,1,1,4,5,5,2,2,1,5,5,2,3,1,5,4,4,3,2,2,2,4,2,4,3,1,5,3,4,3,5,1,5,4,5,3,2,3,4,1,5,1,4,5,3,3,4,5,3,4,4,1,3,5,3,3,3,4,2,2,1,3,2,1,4,3,5,4,1,4,5,4,1,5,5,4,5,4,3,5,4,3,5,3,5,1,1,4,2,1,2,3,3,2,4,5,2,2,2,2,2,4,1,5,1,2,1,4,3,1,5,4,3,4,2,3,5,3,5,2,5,4,1,4,4,3,2,1,5,3,2,1,4,2,2,2,4,5,3,5,1,3,1,4,5,2,3,2,1,2,2,4,4,5,1,4,4,5,3,5,2,2,4,4,5,5,1,2,5,3,1,5,4,5,4,4,2,2,5,5,3,1
46,1,5,2,3,1,5,2,2,2,4,2,5,3,5,2,3,1,1,5,3,5,3,3,5,3,2,3,3,5,1,4,3,4,3,5,5,3,5,5,3,1,3,1,5,1,5,1,1,3,1,5,3,1,3,4,3,4,4,3,5,5,5,2,4,3,5,5,3,4,3,2,2,3,4,5,2,2,4,2,2,4,3,5,5,2,5,3,2,5,1,1,1,1,1,2,4,4,2,2,3,4,1,2,1,4,5,5,2,3,1,2,3,1,4,5,3,1,2,1,2,5,5,1,1,2,2,3,3,3,1,3,1,5,4,5,1,1,4,2,2,2,3,2,3,3,2,2,4,4,3,4,3,1,3,3,4,1,5,5,5,1,2,1,4,3,3,4,4,3,2,2,2,4,3,3,3,1,1,5,1,2,2,2,2,5,2,4,4,4,1,3,5,4,4,2,4,2,2,3,1,2,2,3,2,5,1,5,4,1,4,2,3,5,4,2,5,5,4,2,3,4,5,5,1,2,1,3,4,5,2,5,1,1,4,2,2,4,1,1,1,5,3,1,3,3,2,4,5,3,5,2,1,3,4,2,5,1,5,4,3,4,5,5,4,4,4,1,5,2,1,1,1,2,4,5,3,3,5,2,3,1,3,5,1,3,5,2,5,2,1,5,4,4,4,4,4,2,5,1,4,4,1,1,4,2,1,5,5,2,3,2,4
47,3,4,5,1,4,5,2,4,5,1,4,5,4,1,4,4,5,3,4,3,2,4,3,2,5,4,5,2,5,5,1,2,5,3,2,1,4,5,3,1,2,5,1,1,3,4,4,4,2,1,2,1,3,3,2,2,3,5,4,4,3,4,5,5,1,2,4,5,2,2,1,2,2,3,1,1,4,2,4,5,2,5,3,2,4,4,2,4,2,1,4,2,2,4,1,4,2,1,5,3,4,2,1,1,5,4,1,5,2,5,4,5,1,1,3,5,2,4,3,5,2,3,1,4,5,2,1,3,4,3,3,2,1,5,2,4,3,4,2,2,5,3,2,4,5,4,3,5,5,5,1,5,4,4,3,2,2,1,5,1,3,3,2,3,5,4,3,1,5,3,3,5,3,4,2,5,1,3,2,1,1,4,2,5,2,2,1,4,4,2,2,3,1,5,5,4,1,4,5,2,1,1,3,2,2,4,1,4,2,3,1,2,3,5,2,5,4,5,2,5,1,2,3,5,1,4,4,5,4,3,2,1,5,4,2,3,4,4,1,3,3,5,1,5,1,3,1,1,1,2,2,3,1,3,2,1,5,2,2,2,1,4,5,5,3,1,2,4,1,1,4,2,1,5,5,4,2,4,1,5,3,4,3,3,5,4,3,1,2,2,5,4,4,2,1,2,2,4,3,1,4,2,3,1,5,1,1,2,2,5,5,5
48,4,4,2,2,5,4,3,4,2,4,2,5,5,5,3,3,2,1,3,2,4,5,5,5,2,5,3,4,5,2,4,5,1,5,3,4,3,1,1,3,4,1,1,5,2,1,4,4,5,4,5,1,1,1,1,2,2,1,4,5,3,5,3,3,1,3,1,2,4,3,4,1,3,5,2,2,3,2,5,4,5,2,4,5,1,1,4,4,4,1,5,4,1,4,4,4,1,5,1,1,4,3,3,3,1,4,3,2,2,2,5,4,1,1,4,5,4,5,3,3,5,4,3,4,3,4,4,2,5,1,5,4,4,5,4,3,4,5,5,5,2,2,2,2,2,2,2,5,1,2,5,1,2,1,1,3,4,3,1,5,2,4,2,5,4,3,1,5,1,1,2,5,1,3,4,5,2,5,2,4,3,1,5,2,4,1,4,3,1,1,1,2,1,4,2,1,4,4,5,4,3,1,1,1,4,4,1,2,2,3,5,3,1,1,1,5,4,5,3,4,4,3,4,2,3,3,2,5,5,5,4,2,3,3,3,4,4,5,4,5,5,3,4,5,2,2,4,3,3,5,4,2,5,5,1,4,5,2,1,2,3,1,1,5,3,5,4,2,2,5,2,2,4,3,1,5,5,4,4,1,3,5,4,5,2,5,3,3,5,2,3,4,5,2,4,5,2,4,3,5,5,3,1,4,3,5,4,4,1,5,2,1
49,1,2,2,1,4,3,3,1,4,2,1,5,4,5,5,1,4,5,4,3,5,5,4,3,5,1,4,4,5,3,5,2,5,2,1,4,4,3,5,1,2,3,1,1,2,2,4,5,3,5,3,1,2,2,1,1,3,1,3,5,2,2,2,5,5,4,3,3,4,2,3,3,2,1,1,4,5,3,3,4,4,3,2,2,5,3,3,3,3,4,1,3,1,2,5,2,3,2,4,1,3,4,1,4,2,3,2,5,3,2,3,1,3,3,1,2,3,4,3,2,1,2,5,3,3,1,3,4,4,2,1,5,2,1,1,2,2,3,5,4,3,1,5,5,2,5,5,1,3,5,2,3,2,5,3,5,1,3,2,1,4,2,5,2,4,2,1,2,3,4,2,4,1,3,5,2,1,4,4,1,2,5,2,3,2,3,4,3,5,1,3,2,3,4,3,5,3,5,2,4,1,2,2,1,3,3,3,4,2,5,1,2,3,1,5,2,2,4,2,2,5,5,1,3,5,1,2,1,1,1,1,5,3,1,4,2,2,2,2,2,1,3,4,5,4,5,5,4,1,2,1,2,3,5,4,3,2,1,4,5,3,5,2,5,1,3,3,1,5,1,4,1,5,1,2,1,1,5,4,4,5,5,5,2,3,1,5,5,5,4,5,1,5,1,2,3,4,1,2,3,3,3,1,2,5,2,2,2,1,1,1,2
50,1,3,1,4,1,1,1,1,4,5,1,3,4,5,1,5,3,4,4,5,1,2,4,2,4,1,1,4,5,1,1,3,1,3,1,1,5,5,1,4,4,1,4,1,5,2,3,4,4,5,4,1,1,2,2,2,1,2,2,1,5,4,3,1,1,3,3,2,3,4,4,4,4,4,2,1,3,1,3,2,2,5,5,2,2,3,2,1,3,2,3,3,4,5,3,3,4,2,3,4,1,4,5,5,2,2,5,5,3,5,2,5,2,1,5,2,4,3,2,5,5,1,4,2,4,1,3,4,1,2,3,5,1,5,3,1,1,3,2,1,3,4,5,1,4,1,2,3,1,3,1,2,2,4,2,3,2,1,2,3,1,4,4,4,1,4,2,1,1,1,5,3,5,5,5,3,5,4,1,1,2,4,3,1,5,2,2,1,4,2,1,4,1,1,4,4,4,1,2,3,3,1,1,2,4,1,5,4,1,5,2,5,1,3,1,3,2,2,4,4,3,3,2,5,3,3,5,4,4,3,4,4,4,2,1,3,3,2,1,1,2,5,5,1,5,5,5,1,5,3,1,2,5,4,1,2,3,2,5,4,5,2,1,4,4,2,5,2,4,2,4,5,1,1,2,4,1,4,5,2,4,2,4,4,5,2,3,4,4,1,2,3,5,3,5,3,3,2,1,3,4,4,4,1,3,5,5,2,1,3,4,1
51,1,3,2,2,2,4,4,3,2,3,2,1,5,5,2,3,4,2,2,4,2,1,4,1,5,4,4,3,3,4,5,2,3,5,5,3,2,3,5,1,3,5,3,5,2,5,4,1,5,3,3,5,4,5,2,4,5,1,4,5,1,5,2,3,5,4,5,5,5,5,4,4,5,3,5,4,2,5,5,5,5,1,5,4,4,1,5,3,5,4,2,2,3,5,1,5,3,3,3,2,5,5,1,3,3,4,4,2,5,1,1,3,1,3,5,1,3,5,5,3,3,2,5,3,5,1,4,4,3,3,5,3,5,3,5,3,2,5,2,2,2,2,1,4,1,3,3,4,4,4,2,1,3,1,1,1,4,4,3,3,3,1,4,2,1,5,1,4,5,1,4,4,2,1,4,3,4,2,4,1,1,5,1,5,3,2,3,5,4,4,3,4,5,2,1,5,5,1,1,2,2,2,4,5,1,5,5,2,2,5,2,4,1,5,1,4,2,3,4,3,1,5,2,4,2,3,3,5,3,5,4,5,3,1,5,2,1,5,2,1,5,4,2,4,3,5,5,2,5,3,5,1,4,3,3,4,4,3,4,2,4,1,1,2,4,1,5,4,2,4,3,3,1,3,2,1,2,2,3,3,2,3,3,3,4,2,5,2,1,3,3,5,1,4,2,4,1,5,1,5,4,4,1,1,3,5,3,2,2,1,4,2
52,2,3,3,2,1,3,2,4,3,2,5,3,5,3,3,5,1,2,1,1,2,4,1,1,1,4,3,5,5,4,1,5,4,2,5,2,1,5,4,3,5,5,5,5,4,4,3,4,4,1,1,2,3,1,3,3,5,3,5,2,2,2,5,5,2,5,4,4,5,5,1,1,3,3,3,2,4,2,5,1,5,5,1,5,3,1,5,3,3,4,3,2,1,1,1,5,5,2,3,5,3,3,5,5,2,4,1,5,5,3,4,5,4,1,3,2,1,4,4,1,4,2,2,4,4,2,4,5,3,5,4,4,3,4,3,2,3,3,5,4,2,1,3,1,4,3,1,5,1,5,2,4,1,3,4,1,3,3,3,3,1,2,5,5,5,2,3,3,4,5,5,3,5,3,3,3,1,1,1,1,2,4,4,3,5,1,4,4,1,2,2,4,2,1,4,1,2,1,2,2,1,2,3,1,3,1,2,2,4,4,3,2,4,2,1,4,3,4,2,5,5,2,1,4,5,1,2,1,2,4,1,4,1,2,2,1,2,3,3,4,3,3,5,5,5,5,2,4,4,3,4,3,4,1,1,4,2,3,4,3,5,4,2,5,4,1,4,1,1,4,4,1,3,5,2,4,5,5,3,5,4,5,4,4,1,3,2,1,2,4,1,5,5,2,4,2,3,5,1,1,1,5,4,5,5,1,5,1,4,3,1,2
53,3,4,3,1,4,2,1,1,4,4,3,2,3,3,1,4,1,2,3,2,4,4,5,2,1,2,3,4,4,2,2,2,3,3,1,2,1,5,3,4,5,4,5,1,1,3,4,5,2,2,3,4,2,3,3,4,2,2,2,1,2,5,1,1,1,1,3,5,4,2,1,4,3,4,1,5,4,1,1,2,2,5,2,5,3,3,2,3,4,4,4,3,4,5,1,2,5,4,1,2,5,2,3,4,5,5,1,1,1,2,4,2,4,5,2,2,2,3,4,4,2,3,2,4,5,3,3,2,5,4,1,4,4,5,3,4,3,5,5,2,1,5,5,3,5,4,2,2,4,5,1,5,2,1,3,3,5,5,1,1,5,2,3,1,2,5,4,1,4,2,3,2,3,2,1,1,4,2,2,4,5,2,2,2,5,1,4,5,3,3,5,5,1,3,4,2,2,1,1,3,4,4,5,1,2,2,3,2,4,4,1,3,2,1,5,5,2,2,2,4,2,5,2,3,5,3,5,1,5,5,3,3,5,5,4,1,1,2,5,5,5,5,1,3,4,3,3,1,4,5,1,1,4,2,1,3,3,5,1,5,1,4,1,2,3,4,3,5,4,2,3,1,1,1,4,2,2,2,3,4,1,3,2,1,4,5,2,2,2,2,1,4,3,1,4,3,2,4,2,4,5,2,2,2,1,3,2,2,1,1,5,4
54,2,4,1,1,5,3,1,2,5,3,5,1,3,4,3,2,4,4,2,4,1,3,3,2,1,4,3,3,3,3,5,2,4,4,2,1,2,3,3,2,2,4,4,5,5,3,5,5,1,2,4,5,4,5,5,3,1,2,2,3,3,2,2,1,5,1,2,5,2,1,1,1,5,4,4,2,5,3,4,5,5,4,5,5,4,1,2,3,2,1,1,5,2,1,2,1,3,1,2,5,2,4,2,3,3,3,1,3,2,5,3,2,1,1,5,5,2,5,5,1,2,5,2,3,1,1,1,4,2,3,5,3,2,1,4,2,2,5,3,3,5,4,1,1,4,5,2,3,2,3,2,5,5,4,2,2,4,4,5,5,2,5,5,2,4,2,1,2,1,2,1,1,2,5,3,5,1,2,2,2,2,3,4,1,3,5,4,4,2,3,5,2,2,1,4,5,4,3,1,2,1,2,1,2,4,4,4,4,1,2,4,1,2,1,4,3,1,4,5,2,4,5,1,1,5,5,2,1,5,3,3,5,2,1,3,5,5,4,5,2,3,4,3,3,2,5,2,5,4,2,2,1,2,1,5,5,5,1,5,3,2,1,5,3,2,2,5,3,1,5,2,2,2,5,4,4,4,3,5,2,3,4,1,3,3,5,3,5,1,2,2,4,4,1,2,4,3,5,4,1,2,1,5,5,1,4,4,2,2,3,3,2
55,3,1,4,3,3,1,5,2,1,5,1,4,1,1,4,2,5,3,2,1,3,4,2,5,2,2,3,4,4,2,4,3,3,5,4,5,1,3,2,3,1,2,4,4,3,2,2,5,1,4,3,2,4,3,4,3,4,5,1,4,1,4,2,5,5,1,2,3,5,2,2,1,2,2,3,1,1,2,3,4,5,1,3,3,2,5,1,4,2,1,1,3,5,4,5,3,4,4,2,4,1,5,5,2,4,3,1,2,4,3,4,2,3,3,3,3,4,3,4,3,3,2,4,4,5,2,4,2,2,2,1,4,2,1,1,3,3,4,3,4,1,1,4,3,3,4,5,3,2,3,5,1,1,1,3,1,5,5,3,2,3,1,3,5,3,3,2,5,4,4,5,4,1,4,1,5,4,4,1,1,3,2,4,2,2,4,1,3,5,4,4,5,2,3,2,5,5,3,5,5,3,4,2,4,4,2,4,3,2,1,4,5,2,1,5,1,4,5,4,5,2,3,3,1,5,4,2,2,2,3,4,2,2,1,5,5,5,1,3,1,2,4,2,2,4,5,1,3,2,2,3,1,2,3,2,5,5,2,2,5,2,1,1,4,1,2,2,3,1,5,5,4,3,5,4,1,3,3,2,1,3,4,5,1,1,3,3,3,4,2,3,2,2,1,5,5,4,4,5,5,1,1,5,3,3,1,2,5,4,3,2,3
56,2,5,5,5,1,2,4,4,5,4,3,2,2,2,3,1,3,2,2,2,4,1,3,2,5,1,5,1,2,1,1,2,5,5,4,5,5,1,4,2,2,3,4,1,3,3,2,5,1,4,3,1,2,3,3,2,2,2,1,1,1,5,3,1,5,3,1,2,4,1,4,1,2,4,5,2,4,4,2,2,2,3,5,1,4,1,2,5,5,3,2,4,3,2,3,1,2,4,4,2,3,5,2,4,1,4,5,4,5,2,4,3,3,4,4,1,4,1,1,1,1,2,3,1,3,1,3,4,4,3,1,2,3,5,2,5,3,1,5,3,2,1,5,3,1,1,4,1,3,2,4,3,3,3,5,5,2,3,5,5,5,2,2,3,4,3,5,5,1,3,5,5,4,1,3,2,3,3,4,3,4,4,5,2,4,1,1,2,4,2,5,1,3,1,4,2,1,3,3,2,2,1,4,5,3,2,5,5,5,4,2,3,2,1,3,2,3,1,3,5,4,1,3,1,5,4,1,5,5,5,3,2,1,2,5,2,5,5,4,4,2,1,2,1,2,3,3,1,4,1,2,5,3,5,3,2,3,1,5,5,2,5,2,4,1,3,3,3,4,1,5,5,1,1,3,5,1,5,1,2,3,1,4,1,2,4,4,1,2,4,3,3,5,5,2,4,3,3,2,4,2,1,3,2,2,1,5,3,2,3,5,2
57,1,3,1,5,5,3,5,4,3,4,5,3,4,5,2,2,1,2,4,2,3,3,3,2,2,1,5,1,4,3,2,5,5,2,1,5,1,2,1,3,2,2,5,5,5,3,3,4,2,5,2,1,3,4,1,2,3,5,1,3,2,2,1,1,1,4,5,3,2,2,5,1,1,2,5,2,1,3,1,3,4,5,4,1,5,1,5,5,1,1,5,5,1,1,2,2,2,4,5,3,4,5,3,2,3,1,1,5,4,2,5,2,1,4,4,1,3,4,3,2,4,1,3,2,2,4,4,5,5,4,5,1,1,5,4,1,2,4,3,3,4,5,1,1,4,2,5,2,4,4,2,3,4,5,2,3,2,3,3,5,4,3,4,5,4,1,3,5,2,5,3,5,2,1,3,3,5,4,4,2,1,1,5,5,4,1,1,1,2,2,5,4,3,4,2,2,5,3,1,3,3,3,5,2,1,3,1,3,2,1,4,2,1,3,3,2,2,3,1,4,5,2,3,1,2,1,2,3,1,3,1,2,5,5,4,4,3,1,4,2,5,1,5,1,4,4,3,1,2,4,3,4,5,4,1,3,1,2,2,4,3,3,3,3,4,1,4,1,5,5,1,4,2,4,2,4,3,3,5,5,1,2,3,4,1,4,3,3,3,3,4,1,3,5,1,5,4,3,1,3,3,1,3,3,2,2,1,1,3,5,1,3
58,5,2,1,3,2,4,2,3,5,4,4,4,1,3,4,2,5,3,2,1,4,2,3,2,1,5,4,3,4,4,4,2,2,5,1,3,2,4,1,3,3,3,3,5,3,1,2,1,4,5,5,4,1,1,4,3,3,2,1,1,4,4,3,1,1,5,2,2,3,1,5,1,4,3,2,1,3,2,1,5,3,1,2,2,5,3,3,1,2,2,5,5,3,2,1,4,1,5,1,2,3,4,3,4,4,2,2,5,5,4,5,2,5,4,3,1,5,2,3,2,5,4,1,1,3,1,4,2,4,3,3,1,4,2,4,2,2,4,5,4,2,3,3,1,3,5,2,4,4,5,3,2,3,1,3,1,4,2,1,3,3,4,5,5,3,5,2,5,2,3,3,3,4,5,1,1,3,5,2,1,3,1,1,1,3,3,4,4,4,1,5,3,4,5,4,4,5,4,1,1,1,2,4,2,3,5,3,2,1,4,4,1,4,5,5,5,3,1,5,2,5,3,2,1,1,5,2,2,5,5,4,4,5,3,4,5,2,4,3,1,2,3,3,3,2,3,1,4,2,3,5,4,2,5,5,3,2,3,1,5,1,3,4,5,4,2,5,1,4,2,5,2,1,5,2,3,5,5,5,5,3,1,3,3,2,4,4,2,3,2,5,2,2,5,4,5,1,2,2,4,3,5,3,1,5,1,1,1,5,5,4,2
59,3,3,1,5,5,1,2,3,4,2,5,1,3,1,5,1,3,1,3,1,1,3,1,2,4,2,4,2,4,1,3,3,5,4,5,5,4,3,4,1,5,5,4,5,3,5,4,3,3,5,4,5,1,1,3,5,1,2,1,5,5,1,5,5,2,3,5,4,3,3,4,1,2,5,1,4,2,2,2,4,1,5,2,2,1,2,2,4,3,1,1,1,4,4,5,4,1,5,3,2,2,5,3,2,5,4,1,3,2,1,5,2,1,4,3,5,2,4,3,3,4,2,3,5,1,5,3,1,4,1,1,1,3,2,3,2,4,4,4,4,4,5,3,2,4,5,5,5,3,4,5,5,4,3,5,2,1,1,1,3,5,1,1,4,5,5,4,5,2,3,4,1,5,2,2,3,2,5,5,2,5,5,1,4,5,5,3,4,4,4,2,1,1,3,4,4,5,2,2,3,1,4,3,2,2,2,4,4,4,5,1,2,2,5,2,2,4,4,1,2,3,2,2,1,3,2,3,4,4,3,2,3,3,4,3,5,5,4,2,2,4,2,1,5,1,1,1,4,1,3,2,4,3,3,5,5,3,5,2,2,5,1,3,2,5,5,2,2,1,5,5,4,1,2,2,3,2,5,2,5,5,1,2,1,5,2,2,1,1,5,5,2,2,4,4,3,5,3,3,1,1,4,3,4,5,2,1,5,5,1,1,3
60,4,5,3,3,5,5,2,4,5,1,2,4,1,1,4,2,1,3,4,4,5,2,3,3,5,1,1,3,2,1,4,5,2,1,3,5,1,3,1,5,4,4,3,4,5,3,1,2,1,5,3,1,3,4,2,5,1,2,5,5,4,3,3,2,4,5,4,4,2,3,4,4,4,1,4,4,5,1,4,4,2,2,1,5,1,1,2,2,5,4,5,4,3,2,3,3,2,3,1,4,5,2,1,5,5,5,3,3,3,3,1,3,2,5,1,3,5,1,5,1,4,1,3,5,5,5,2,2,3,4,2,1,3,4,1,5,2,1,4,3,1,3,5,4,4,2,4,1,1,1,5,4,4,1,2,2,4,4,3,4,1,5,4,4,1,3,4,2,2,2,5,5,4,4,4,5,4,1,3,2,2,1,4,5,4,4,2,2,5,2,4,1,5,1,4,5,1,5,4,5,4,5,5,2,4,3,5,1,2,2,5,3,2,4,5,5,3,4,4,3,1,4,1,1,5,5,2,5,4,4,1,4,5,5,5,3,4,2,4,4,3,4,1,5,5,3,5,1,3,2,5,4,1,1,5,2,4,2,2,5,4,5,5,1,5,3,4,1,4,1,3,5,1,1,1,3,4,3,1,1,5,3,3,2,4,2,2,4,5,5,4,4,3,3,3,3,1,1,5,1,1,3,3,4,3,4,4,1,3,1,3,1
61,1,1,5,1,2,2,2,4,1,2,4,2,3,5,1,5,5,3,3,3,4,2,1,3,1,1,1,3,3,2,3,3,1,2,5,3,3,5,1,2,1,4,3,4,3,4,5,3,3,4,2,4,3,3,2,1,2,1,3,5,5,4,2,2,5,1,2,1,1,1,1,4,4,5,4,2,4,2,2,1,5,1,1,4,4,2,4,4,3,2,2,3,2,5,5,3,4,5,3,5,1,3,2,5,2,3,5,2,4,4,1,3,2,1,3,4,2,5,4,5,5,2,2,5,1,5,5,2,3,4,2,1,4,2,2,3,1,1,2,3,2,5,5,3,2,3,2,2,5,4,1,1,3,1,5,4,2,2,5,1,2,1,5,2,3,4,1,1,1,1,5,5,5,5,2,5,2,3,5,3,5,3,4,3,2,1,3,1,4,4,2,2,3,5,4,1,5,4,3,4,2,1,1,2,5,2,1,3,5,4,3,5,1,1,3,5,4,4,2,3,5,3,4,5,1,1,5,3,3,1,1,4,5,3,4,3,1,5,2,5,2,4,2,2,4,5,4,1,1,2,4,4,4,5,3,3,3,5,4,3,4,2,3,2,5,1,5,5,5,3,2,3,1,5,4,1,2,1,3,4,3,5,5,1,5,5,2,2,3,3,2,1,2,3,4,5,4,4,5,2,1,4,1,3,4,3,2,4,3,3,2,1
62,1,4,2,4,1,2,5,2,2,5,3,3,3,1,2,5,1,5,1,1,1,5,4,1,3,2,4,4,5,4,5,5,3,1,4,1,1,1,5,1,4,5,4,5,2,2,2,2,5,1,3,3,2,1,4,1,4,3,1,1,3,1,4,1,4,2,1,4,3,2,1,4,1,4,1,2,2,1,1,5,1,1,2,1,3,1,5,4,2,3,4,3,2,5,2,3,3,2,1,2,5,2,4,1,4,2,1,4,4,1,1,3,1,2,5,3,1,5,3,2,5,1,1,2,3,5,2,3,4,4,3,1,1,4,1,1,3,3,1,3,5,4,5,5,1,1,5,5,2,2,4,5,3,2,1,5,3,3,3,1,2,3,2,4,1,2,2,3,3,1,2,5,3,3,4,1,2,2,2,3,1,2,5,4,4,2,3,4,4,4,4,2,1,1,3,5,1,5,1,1,3,4,3,1,4,4,4,5,1,2,3,5,3,2,4,2,3,2,1,2,1,2,1,1,2,5,4,4,4,1,4,1,5,2,2,1,1,5,4,5,2,2,4,2,1,2,3,4,4,4,3,5,1,4,2,1,2,1,1,2,2,1,4,2,3,3,1,5,1,1,4,4,5,5,5,5,5,1,1,3,3,2,1,5,2,4,1,3,1,1,1,1,4,3,1,4,2,1,4,5,2,3,1,1,4,3,5,2,3,1,4,5
63,4,2,3,4,4,1,4,5,3,2,4,5,2,5,4,4,3,1,5,1,1,2,2,5,1,3,1,2,1,4,4,3,5,1,4,5,4,5,5,4,2,5,1,4,2,4,3,1,3,5,5,3,3,5,2,1,4,3,1,4,4,3,2,2,1,1,5,2,1,5,4,1,5,2,4,1,2,4,3,2,3,1,5,1,2,3,3,4,1,1,2,3,2,2,3,2,3,2,5,2,2,5,1,3,4,5,1,2,1,5,2,1,4,3,3,5,2,2,3,1,2,4,4,2,2,3,5,3,5,4,5,3,2,5,3,4,5,4,4,1,5,3,5,5,4,4,4,4,3,2,1,4,4,1,4,2,5,1,3,1,2,3,5,4,1,3,1,5,1,3,2,3,1,5,4,4,5,1,5,1,3,2,1,4,4,2,1,2,3,2,3,4,3,1,1,1,1,5,3,1,2,2,5,3,3,3,5,3,3,1,3,1,1,3,2,4,2,3,3,2,3,1,5,3,3,2,1,2,2,3,1,3,3,3,3,5,4,1,5,4,4,4,5,1,2,4,2,2,3,2,3,1,1,3,1,4,1,3,4,2,2,2,3,2,1,2,5,5,2,2,5,2,4,5,3,5,1,4,3,2,1,1,4,3,1,3,3,1,3,4,1,4,4,3,3,1,2,1,4,3,4,5,5,4,2,2,1,1,1,3,2,4
64,5,2,2,2,1,3,4,1,3,2,3,1,2,1,4,2,3,1,5,3,3,2,3,1,5,4,5,1,2,1,3,2,4,4,1,3,4,5,2,5,4,4,1,1,2,1,3,2,3,1,2,4,5,4,3,4,4,5,5,4,5,4,2,4,1,5,5,3,3,1,5,5,3,3,4,5,5,4,5,1,3,3,3,2,1,1,4,2,5,1,2,2,1,4,2,3,2,5,1,5,4,3,1,2,3,2,4,1,4,4,4,4,2,5,2,3,4,3,2,4,2,4,2,1,5,5,4,1,3,1,4,1,3,4,5,1,5,5,2,3,1,5,5,3,5,5,5,5,2,2,4,1,3,4,2,2,2,4,2,4,2,5,5,1,2,1,4,1,2,4,4,5,4,4,1,4,3,5,5,4,1,5,5,3,4,5,5,5,5,1,2,3,1,3,5,3,4,4,2,2,3,1,1,5,1,2,1,5,4,1,1,2,3,4,3,5,5,3,2,2,2,4,5,5,5,4,5,3,1,4,1,3,2,2,2,4,2,4,4,1,2,5,2,2,2,5,5,4,5,4,1,4,2,3,3,2,4,2,5,4,2,5,5,4,1,1,5,1,5,1,5,5,5,5,3,1,5,2,4,2,2,3,1,3,1,5,3,4,1,3,4,2,5,5,2,3,2,4,1,3,1,2,5,1,1,5,1,1,5,5,2,2
65,1,3,2,2,3,3,5,2,4,4,1,2,4,2,2,4,2,3,1,5,4,5,1,3,3,3,3,4,4,2,2,1,2,1,1,1,3,5,5,4,1,3,2,2,4,4,1,1,2,2,2,2,5,1,1,2,3,2,4,3,4,3,4,2,2,3,4,5,3,3,1,3,5,2,4,1,4,2,3,5,1,5,5,5,5,2,5,5,2,4,2,3,2,4,3,3,1,5,3,3,4,3,4,5,1,1,5,5,2,3,3,3,4,2,3,4,4,1,4,5,4,5,5,1,1,4,1,1,3,4,4,4,1,1,5,2,2,2,3,1,5,5,2,3,3,2,2,1,3,5,2,1,5,3,2,2,1,1,3,2,1,2,3,2,5,2,4,4,3,3,3,5,5,2,1,4,4,4,2,2,3,1,3,2,5,3,2,2,5,5,5,1,2,5,1,4,4,4,2,1,1,4,3,4,2,4,4,1,4,5,5,3,2,2,1,2,3,5,1,5,3,1,4,2,3,1,5,1,4,3,1,3,3,5,2,4,1,2,5,2,3,3,4,1,1,5,4,1,3,4,2,4,4,1,5,5,1,1,1,5,1,2,2,3,2,4,3,2,4,2,4,1,4,1,4,4,2,4,2,4,5,3,2,2,1,5,1,5,5,4,1,3,5,5,2,4,3,5,2,1,5,2,1,4,1,5,3,1,3,3,1,4
66,1,2,3,5,3,5,2,2,2,1,3,5,2,2,5,3,3,5,4,3,5,5,2,5,1,2,2,3,4,3,1,2,2,5,4,4,5,1,4,2,1,3,3,1,2,3,2,5,4,1,4,5,3,2,2,5,1,4,3,1,5,5,2,3,1,2,3,4,4,2,1,3,4,4,1,2,5,3,4,5,1,2,3,1,2,1,4,4,5,1,4,2,5,3,1,4,2,1,2,5,4,4,5,2,1,2,1,5,3,1,4,4,4,2,2,2,4,1,4,1,2,3,2,5,1,3,2,3,4,1,5,4,3,2,1,5,2,5,1,3,5,1,5,2,5,2,2,1,4,5,3,2,4,2,4,4,3,4,3,1,2,3,2,5,1,5,5,4,4,5,4,2,4,5,4,4,3,3,5,2,1,1,5,2,2,2,3,5,1,2,5,1,3,4,1,1,1,4,2,4,1,3,1,3,5,3,1,4,1,1,5,2,1,5,4,5,5,3,2,2,4,5,4,4,2,2,2,1,5,4,5,4,4,4,4,3,3,1,2,4,5,3,2,1,2,4,2,4,3,3,4,5,3,5,4,4,3,5,4,3,4,2,2,3,4,3,1,3,3,2,2,4,3,3,4,5,4,2,2,3,2,4,3,4,4,3,5,2,1,1,1,2,5,4,3,5,1,2,2,3,4,5,5,5,4,4,4,3,2,1,4,2
67,4,1,4,2,3,1,2,5,5,5,3,4,4,4,3,5,4,3,3,2,4,5,1,3,2,1,3,2,4,2,3,4,5,2,1,4,4,5,2,1,5,2,1,1,3,1,2,5,5,3,2,1,3,4,2,3,5,3,4,2,3,1,2,3,3,2,5,1,2,1,1,2,3,5,1,1,3,2,5,1,1,2,3,4,3,1,1,5,3,4,5,4,5,3,1,4,3,4,3,5,3,5,1,5,2,1,3,3,2,3,1,1,5,4,3,2,1,1,1,4,4,3,2,4,5,4,1,2,3,4,1,5,5,3,3,4,3,1,1,1,4,4,3,4,1,2,1,2,3,5,4,4,1,1,2,4,3,1,4,5,2,1,1,3,1,4,4,4,5,5,1,5,5,3,5,2,2,2,1,4,3,1,4,3,3,3,2,2,2,3,3,2,3,2,2,2,4,3,1,2,1,4,3,2,2,2,1,4,3,4,2,4,1,5,5,3,3,4,3,1,2,2,4,2,4,3,3,1,2,1,5,1,4,4,1,3,5,1,3,1,2,4,2,2,5,3,4,2,4,3,1,2,3,4,3,1,3,4,2,2,5,4,5,5,1,4,2,4,1,4,4,5,4,5,5,3,1,5,4,5,5,5,2,2,2,2,3,5,3,4,1,3,2,2,4,5,1,3,5,5,3,3,3,3,2,5,5,2,5,3,1,5
68,1,1,2,4,5,2,2,1,5,2,3,2,3,4,3,3,1,2,4,2,3,3,2,4,4,1,3,3,1,2,3,2,4,5,1,3,1,4,4,4,4,5,2,2,5,2,4,2,1,2,1,3,1,1,4,4,4,1,5,4,4,1,3,3,2,3,4,5,2,5,5,4,1,1,1,3,1,4,3,1,5,4,4,2,4,5,4,2,4,4,2,4,3,4,1,1,3,4,5,4,1,2,3,2,5,4,5,2,4,5,1,1,3,1,1,2,1,1,2,1,1,3,1,1,3,2,1,5,2,2,1,3,2,3,5,3,4,3,2,3,3,4,4,1,2,1,4,3,4,5,3,1,3,5,4,2,2,2,4,2,5,4,2,1,4,4,3,2,1,5,4,5,5,5,3,5,2,2,1,1,5,5,3,5,5,5,4,4,3,3,2,3,2,5,3,3,3,2,2,1,2,2,4,3,2,3,3,4,3,2,3,1,1,4,2,4,1,2,3,2,5,2,3,5,4,2,4,2,1,1,3,1,5,5,2,4,5,2,4,1,2,4,3,3,5,4,3,5,2,2,4,4,4,4,3,3,5,3,2,5,3,4,3,1,5,3,3,2,4,4,2,2,1,5,4,2,2,5,2,1,5,1,3,4,2,5,1,4,4,2,4,2,3,2,1,4,4,4,2,5,2,1,2,4,3,1,3,1,1,4,2,4
69,4,4,3,1,5,2,4,1,2,5,5,4,5,5,2,2,4,1,4,3,5,1,2,3,3,5,2,1,2,5,3,5,4,3,5,1,1,1,4,2,1,4,1,4,1,2,5,1,5,1,2,5,4,1,1,4,2,3,1,4,3,1,5,4,5,2,3,4,1,1,3,5,5,4,4,5,4,5,3,4,5,4,1,1,2,5,2,5,4,5,1,4,1,4,5,5,1,3,5,3,4,3,1,2,2,1,2,1,5,3,2,5,2,4,1,1,5,4,3,4,4,3,3,4,2,2,4,2,3,3,2,3,1,3,4,5,2,2,3,3,5,5,4,1,4,2,3,4,3,3,4,4,5,1,5,1,4,1,2,5,5,5,3,3,4,4,3,5,3,1,5,3,4,3,2,3,5,3,4,1,2,5,4,2,3,2,1,2,2,3,3,5,3,2,1,3,5,5,2,3,3,5,3,2,1,2,3,2,4,4,3,3,1,2,1,3,3,5,1,3,4,5,2,5,2,4,2,1,2,2,5,4,2,1,5,4,4,3,1,5,5,1,4,2,1,5,1,4,3,3,2,2,4,2,3,4,4,4,1,2,5,3,2,3,2,5,3,5,3,1,1,3,3,5,4,3,2,2,2,1,5,1,2,3,2,3,5,4,3,1,2,2,2,3,5,3,1,2,3,2,1,4,4,4,2,3,2,5,3,1,4,3
70,3,4,1,2,2,3,4,5,1,2,1,1,1,4,4,4,3,4,3,2,2,2,2,2,4,5,4,5,4,2,1,5,1,2,5,1,4,2,4,4,2,5,3,3,2,3,1,5,4,4,2,4,1,1,2,4,3,3,5,2,5,3,3,3,5,2,1,1,3,2,2,4,4,5,4,5,1,3,2,1,1,5,3,5,1,2,4,5,1,4,4,1,3,1,2,4,2,5,4,3,1,5,2,5,3,1,5,2,5,1,5,2,1,3,3,4,5,2,5,1,4,2,5,2,1,4,2,1,3,2,4,2,2,1,5,5,2,4,4,1,2,2,5,1,3,4,4,2,1,3,4,1,3,2,5,4,4,3,5,1,2,1,3,4,4,1,2,3,2,3,2,1,5,3,1,4,4,2,4,5,3,2,3,3,1,4,3,5,5,4,4,2,2,2,4,3,1,2,1,5,4,5,2,3,2,1,2,3,3,4,4,3,3,1,2,4,1,2,4,1,5,5,4,1,2,2,1,5,1,5,5,2,4,3,1,5,1,4,4,3,3,5,3,5,2,5,3,1,3,4,3,2,5,4,5,5,3,1,4,2,2,1,1,3,2,4,1,1,1,4,2,4,4,3,1,2,3,3,5,1,2,2,2,1,2,4,4,1,2,5,5,5,4,5,2,2,5,3,5,3,1,1,2,4,2,2,4,2,4,2,1,3
71,2,3,5,2,1,4,1,3,4,1,1,1,4,1,1,3,1,1,5,4,5,3,5,2,4,1,5,5,1,1,3,5,5,2,2,5,2,5,4,3,2,5,2,3,4,1,1,2,5,3,4,4,4,1,3,1,2,4,3,4,1,1,1,4,3,3,2,4,2,2,2,2,1,2,3,2,1,5,5,5,4,3,1,5,1,1,4,5,2,1,5,1,4,4,2,4,5,4,2,3,1,1,5,2,2,2,1,4,1,1,1,4,3,5,3,3,1,3,1,1,5,2,1,3,5,3,2,4,2,5,2,2,5,5,3,1,4,4,4,2,5,5,5,1,5,5,2,3,4,2,2,2,4,2,3,5,3,5,5,2,2,4,1,3,4,4,3,3,5,1,2,1,1,2,1,4,4,2,2,3,3,1,1,2,1,5,4,1,1,3,5,1,4,1,2,5,1,5,1,4,4,5,3,3,2,3,5,3,2,1,3,5,5,2,2,4,4,4,1,5,4,5,2,1,2,5,4,2,3,1,5,4,2,1,4,2,5,3,3,5,1,5,2,1,3,2,4,4,4,3,5,1,3,2,2,4,1,4,2,2,5,5,5,4,1,5,3,5,4,1,5,1,3,2,1,5,4,4,4,4,1,4,2,3,1,1,4,4,1,4,4,4,4,4,5,5,5,1,3,1,5,1,3,4,2,5,5,3,4,4,2,4
72,3,4,3,5,5,5,1,5,3,2,4,5,1,1,3,2,5,5,1,3,1,1,2,3,2,3,5,4,4,3,4,1,5,5,4,3,1,3,4,5,5,3,2,3,2,3,2,2,2,2,1,2,2,5,1,2,4,1,5,3,5,5,1,1,4,4,1,1,1,3,5,4,4,2,3,1,1,3,4,1,2,4,5,3,4,5,2,3,1,1,5,4,2,5,2,2,2,3,5,3,4,4,1,1,1,4,2,2,5,4,1,4,2,2,3,3,5,4,3,3,4,2,5,5,5,3,2,5,4,5,1,2,1,2,4,3,3,2,5,1,4,5,3,5,1,3,2,4,4,3,2,1,4,3,4,2,1,2,5,2,2,4,2,3,4,4,5,3,2,5,3,5,1,2,5,1,2,5,5,5,5,4,5,4,4,1,2,4,3,4,3,1,3,1,1,1,3,3,1,1,2,1,5,2,2,2,5,2,2,3,3,1,1,4,5,3,1,5,2,5,3,4,3,1,1,5,3,1,2,2,4,5,1,4,2,4,4,1,1,1,5,4,4,5,2,3,2,5,4,4,1,1,4,4,1,1,2,4,4,5,2,3,3,3,1,3,5,1,1,3,1,2,2,3,5,1,4,3,1,3,3,5,4,1,3,3,1,3,3,3,2,2,4,5,1,5,5,2,4,5,5,3,1,4,1,2,5,5,1,2,3,3
73,5,5,4,1,5,2,1,4,3,4,1,3,2,3,3,2,5,5,3,3,4,5,2,3,3,4,4,4,1,2,1,3,4,4,4,5,2,1,2,4,3,5,2,3,4,4,4,4,5,5,2,4,5,3,5,5,2,5,3,4,1,2,3,2,4,5,5,3,4,1,1,5,4,4,3,1,3,2,4,1,3,5,2,3,5,1,1,2,5,4,1,4,4,3,3,1,4,3,5,5,5,5,4,5,4,1,1,5,5,5,1,3,1,5,3,3,2,4,5,4,2,4,5,2,4,1,3,2,1,5,3,2,3,2,2,4,3,3,1,5,1,4,2,4,4,1,2,5,4,5,2,2,1,3,1,5,1,2,4,3,2,4,5,5,5,1,5,5,1,4,2,3,5,5,5,1,1,1,3,2,5,4,5,5,5,5,2,4,1,4,5,4,5,4,3,4,1,1,4,4,2,4,1,3,1,2,4,3,1,3,5,1,5,3,4,4,4,5,4,2,1,1,3,5,1,5,3,4,3,2,4,4,4,3,2,5,3,1,1,3,5,1,5,4,3,4,1,5,4,1,2,4,2,2,1,3,5,1,4,5,3,1,3,4,1,4,5,5,3,3,5,2,5,1,4,5,5,4,4,1,4,3,5,4,1,4,5,2,4,3,5,1,5,2,1,2,2,3,4,3,3,3,1,4,4,1,3,3,2,2,5,2
74,4,1,3,5,2,5,1,1,5,5,5,3,4,2,2,2,5,5,5,3,3,3,3,1,3,3,3,2,2,2,4,1,5,3,2,1,3,4,5,3,5,3,4,1,5,5,1,5,2,1,4,3,3,1,2,4,3,3,2,5,1,2,2,2,2,5,4,2,2,1,3,5,2,4,4,4,1,4,1,5,4,3,2,5,3,5,4,5,5,5,1,3,4,2,4,4,1,1,5,4,3,1,1,3,1,3,2,3,2,5,5,1,3,1,3,1,5,5,1,3,4,3,1,3,2,3,5,5,2,3,4,3,5,5,1,5,1,5,5,4,1,1,5,1,5,5,3,1,2,1,1,4,2,2,4,4,1,3,4,2,2,1,3,5,4,4,1,3,2,2,5,2,4,5,3,5,3,2,1,5,5,4,4,3,1,4,4,2,2,4,3,1,4,3,3,4,3,5,3,4,3,4,2,4,3,4,1,4,4,1,1,1,5,4,1,1,2,5,4,3,5,5,2,4,4,1,1,5,2,4,2,3,4,1,5,2,1,5,1,4,2,3,1,2,4,1,4,3,3,5,5,5,4,5,2,4,4,5,5,4,3,3,5,3,2,2,2,4,4,4,4,4,5,3,5,3,5,2,1,4,1,1,2,1,1,2,3,5,1,4,2,1,3,3,4,1,4,3,3,5,3,2,5,4,3,2,5,2,5,5,5,4
75,5,5,2,5,4,2,5,2,4,2,4,3,5,4,5,4,1,1,1,4,5,1,5,4,5,5,1,2,3,4,4,4,3,2,5,4,5,1,1,1,4,3,4,1,1,4,3,3,5,2,1,3,1,2,1,3,5,4,4,3,3,2,1,2,4,1,2,4,1,5,5,2,3,1,2,3,3,1,1,3,4,2,1,3,4,5,3,4,5,4,1,3,5,4,5,2,3,1,5,4,5,4,5,1,1,3,1,5,5,1,2,5,3,2,1,4,5,4,3,2,4,3,4,4,3,5,4,3,4,5,3,4,1,5,4,2,3,4,5,5,2,2,4,1,5,1,1,4,3,3,3,2,5,2,5,5,5,4,3,2,2,4,5,3,1,1,4,3,1,1,2,3,1,2,3,5,3,4,2,5,2,2,1,3,2,2,4,4,4,2,5,3,2,1,5,5,3,5,3,5,3,4,4,5,5,3,3,2,4,2,2,1,3,1,1,2,1,3,2,3,5,1,2,4,3,1,3,3,5,3,5,5,5,1,3,3,5,3,3,5,4,4,5,1,3,3,4,5,1,5,4,4,3,2,1,1,2,4,5,1,2,3,3,4,1,5,1,3,1,3,2,2,3,5,5,1,3,4,5,5,2,5,5,5,3,3,2,1,5,1,3,5,1,1,4,3,2,2,4,1,4,4,3,5,1,2,2,4,4,4,1,4
76,4,5,1,3,3,5,2,3,1,2,4,1,2,3,4,4,1,4,2,5,3,1,5,5,1,2,3,1,5,5,1,5,1,1,3,1,5,4,3,5,5,3,3,5,4,2,5,3,1,1,3,3,2,3,1,4,3,2,4,2,4,3,1,4,5,2,4,2,1,2,2,5,2,4,2,3,2,3,2,2,4,3,3,5,2,2,4,5,5,4,3,1,4,3,5,4,1,2,4,1,1,4,3,4,5,1,1,2,1,2,1,1,4,4,5,3,5,1,5,4,1,1,5,2,3,5,5,3,1,1,2,5,3,5,4,5,5,4,4,3,1,2,4,1,3,5,3,3,4,2,4,5,4,5,4,2,1,2,4,3,1,3,2,1,4,3,4,5,1,3,2,2,2,2,3,5,2,2,2,5,1,2,2,2,1,2,1,1,4,4,2,3,4,4,3,5,2,5,5,1,1,2,3,1,4,2,5,2,1,3,5,3,2,3,3,2,5,3,3,2,4,3,1,5,3,2,1,2,3,1,5,5,5,4,2,3,1,2,3,4,3,2,3,1,4,1,4,4,3,1,4,4,3,2,2,5,5,4,2,4,1,2,2,2,5,3,3,5,5,5,3,4,5,4,4,1,3,4,3,3,1,3,4,2,4,4,3,4,2,3,5,4,4,1,5,5,2,5,1,2,5,2,5,5,5,4,5,4,3,1,2,2
77,3,5,1,3,3,2,4,4,5,5,3,5,4,1,2,4,5,2,2,3,5,3,2,3,5,4,1,4,2,4,3,5,4,4,5,3,1,4,2,3,3,4,5,4,4,5,2,5,4,1,5,2,5,5,3,3,4,4,5,1,4,5,5,5,5,5,3,2,2,5,4,1,5,1,3,2,3,4,4,5,4,4,3,1,2,4,4,3,2,3,1,3,2,2,4,1,5,4,3,3,2,2,2,5,5,4,5,2,4,4,1,5,3,3,1,2,1,2,5,5,4,4,4,4,3,4,4,4,2,4,1,4,4,3,4,2,5,4,4,4,3,5,3,3,3,2,5,2,2,5,2,5,4,3,2,5,1,2,2,5,1,1,4,2,3,2,3,3,5,2,5,4,3,1,3,4,3,5,2,1,5,2,1,4,3,1,4,2,1,4,2,5,3,4,5,2,1,3,2,4,3,5,3,5,2,1,3,1,1,3,3,1,4,4,3,1,1,2,1,4,2,4,5,3,5,3,4,4,5,3,3,2,1,2,4,5,3,2,5,5,1,3,5,3,2,5,5,2,3,3,5,2,4,3,4,5,4,4,3,5,4,3,4,3,5,2,3,3,4,5,1,1,2,5,3,1,2,5,2,1,4,4,5,2,3,1,4,4,2,4,2,1,2,4,2,4,5,4,4,4,5,3,4,3,1,2,3,1,2,4,4,4
78,5,5,5,5,1,1,4,2,5,2,1,5,1,1,3,1,4,1,5,4,1,4,1,4,2,3,4,5,3,3,1,4,3,5,5,5,1,2,4,3,4,3,1,4,1,1,4,4,3,5,1,2,3,3,5,5,1,3,3,2,1,1,5,1,2,1,4,4,2,5,3,1,5,5,1,3,1,3,2,3,5,2,4,2,3,2,2,4,3,5,2,1,5,2,5,1,5,5,1,1,1,4,1,5,1,2,1,1,3,5,5,2,4,3,2,2,5,3,5,4,5,1,5,1,2,4,1,4,5,5,2,5,1,2,4,2,4,3,1,1,4,5,5,3,4,3,4,3,4,1,3,3,4,2,2,1,5,5,1,5,4,2,1,4,1,2,5,4,2,1,3,4,1,1,2,1,4,4,1,2,4,3,5,2,2,5,5,4,1,1,3,1,3,3,2,2,4,5,5,3,5,3,5,4,2,2,3,5,1,4,5,1,4,4,2,3,5,4,5,4,2,3,1,1,2,4,2,3,1,5,1,3,4,2,1,1,5,2,5,5,4,1,2,4,4,4,3,3,4,3,2,1,2,1,3,2,5,4,1,1,5,5,4,3,2,2,2,3,4,2,1,1,1,5,5,3,2,5,1,5,1,2,3,4,4,1,5,5,1,2,1,2,3,3,1,3,5,2,4,4,3,2,5,4,5,5,4,4,3,2,1,2
79,1,4,5,2,5,2,2,5,3,4,3,3,2,4,2,1,2,5,2,1,2,1,4,2,1,4,5,3,1,5,4,5,2,3,1,4,3,4,5,4,4,5,5,3,1,5,3,4,4,2,5,3,3,1,3,5,3,2,4,4,3,3,3,3,2,5,2,2,2,4,2,3,2,3,5,4,5,5,4,3,3,3,4,2,1,2,2,5,1,3,2,4,2,3,2,5,5,2,5,4,1,2,4,4,4,3,2,2,2,1,4,2,5,3,1,3,4,5,4,2,3,5,3,1,5,1,5,2,3,3,4,5,5,1,5,3,5,4,4,3,3,3,5,5,2,1,5,2,2,4,5,2,4,1,4,1,3,3,4,3,5,4,2,5,4,1,3,3,3,4,5,1,3,5,2,2,1,3,2,5,5,2,3,1,3,4,2,4,2,1,3,3,2,5,4,3,3,2,5,4,5,5,2,5,4,1,1,4,2,3,2,4,5,1,5,2,4,1,4,1,1,1,2,4,3,3,3,4,5,4,1,5,1,1,4,3,5,2,3,2,4,5,4,2,1,4,5,4,3,4,2,4,5,4,4,5,4,5,2,5,2,2,5,4,3,5,4,2,1,3,4,3,1,1,1,5,3,5,1,4,1,5,1,1,5,5,4,5,4,2,2,5,1,3,1,5,4,1,2,5,1,1,4,4,4,3,5,5,2,2,5,1
80,5,3,2,2,2,5,2,2,5,1,2,2,2,3,5,2,3,1,1,3,1,4,1,4,3,4,1,2,4,1,2,3,3,5,3,5,3,3,3,5,5,4,1,1,1,3,1,5,4,2,4,1,1,5,4,5,5,2,5,5,2,3,3,2,5,1,4,1,1,5,4,4,3,2,5,4,5,3,1,4,3,5,3,3,3,3,3,3,2,5,1,5,4,4,5,3,2,1,3,5,5,2,2,5,3,3,3,1,1,3,5,2,4,2,2,4,3,2,4,5,5,5,3,2,2,1,5,3,4,3,2,5,1,3,1,2,4,3,2,5,3,1,3,2,2,1,2,3,1,2,2,3,2,3,5,3,4,2,5,1,4,1,4,5,5,5,4,3,1,3,3,2,1,4,2,2,5,4,3,3,3,5,3,1,3,3,1,5,2,4,5,3,2,4,4,4,1,1,2,3,2,3,5,4,4,1,5,5,3,5,1,3,2,3,2,3,4,2,1,2,2,3,4,3,3,4,3,4,1,4,5,4,4,5,4,2,3,3,1,1,5,2,1,3,1,1,4,1,5,3,5,5,2,4,5,2,3,3,2,5,5,4,4,3,4,2,3,5,3,1,3,4,2,5,5,4,4,4,1,2,1,4,2,4,2,5,1,4,4,3,5,4,1,5,4,1,3,3,1,5,1,1,3,3,3,4,4,2,4,5,5,3
81,1,3,1,3,3,5,1,2,2,3,3,5,1,3,2,1,3,1,5,2,1,2,3,4,1,2,1,3,3,2,5,1,1,3,1,2,4,3,4,1,5,2,1,2,1,1,1,3,4,5,4,4,2,3,3,1,4,5,2,3,1,5,4,5,3,2,4,2,5,5,1,4,5,3,3,2,3,5,3,4,2,4,5,5,3,1,1,5,5,2,5,5,2,4,4,2,2,4,4,4,4,3,2,1,3,1,1,5,2,3,2,4,2,1,4,2,2,1,4,1,2,3,3,5,3,4,5,4,3,3,2,4,1,2,4,5,4,5,5,3,1,4,1,5,3,1,2,5,2,1,1,1,4,5,5,5,4,1,1,2,4,3,4,2,2,2,1,3,2,5,1,3,5,3,3,5,4,3,4,3,5,3,2,2,3,5,5,1,5,4,3,2,5,2,1,3,5,2,5,1,2,2,3,3,2,3,2,4,5,4,4,5,2,2,3,1,2,5,1,5,5,5,1,4,5,3,2,2,2,1,3,3,3,3,3,4,3,3,1,1,3,4,3,3,3,5,4,2,3,2,4,3,2,2,4,3,5,4,5,3,2,4,4,4,1,3,1,4,4,5,1,2,3,2,2,3,4,5,4,4,1,2,2,2,5,5,5,3,5,1,1,4,4,4,4,1,4,1,5,5,3,4,5,5,2,2,1,3,2,3,5,1
82,3,2,5,4,5,2,2,4,5,3,3,5,3,5,5,2,1,2,3,1,5,3,4,3,1,1,5,4,5,4,4,5,3,2,4,1,5,3,4,3,5,1,4,4,3,5,2,4,1,4,4,2,2,5,4,4,3,3,1,1,3,1,4,2,4,3,5,5,3,4,1,1,5,3,3,2,5,3,2,1,5,5,3,3,4,1,1,2,2,4,1,2,1,1,2,3,3,2,4,5,1,5,2,1,5,3,4,5,4,3,5,2,1,3,4,4,3,2,2,4,3,3,1,4,2,5,2,2,5,4,1,2,2,4,4,3,4,4,2,1,2,4,3,1,3,5,3,3,4,4,4,4,4,3,5,4,5,5,2,2,1,2,4,5,1,2,3,1,4,5,4,4,3,3,5,2,4,2,5,4,2,4,3,3,1,5,2,4,1,5,5,5,2,3,1,2,4,2,4,4,5,2,3,4,5,3,2,3,2,4,1,1,4,3,2,1,2,4,3,2,3,1,2,5,1,3,4,5,2,1,2,2,5,5,5,5,4,3,5,1,2,5,1,4,1,1,4,4,2,5,1,3,3,2,3,2,5,2,4,4,4,4,4,4,4,4,4,5,4,2,5,3,1,5,4,5,1,1,4,4,2,1,4,1,2,3,1,2,2,2,5,4,1,5,1,5,4,2,1,2,4,1,3,3,3,4,3,1,3,1,4,2
83,5,3,5,2,4,4,2,5,3,1,4,2,5,3,5,3,1,1,2,2,3,3,3,3,1,2,2,4,2,2,5,5,4,3,4,4,1,2,1,2,4,2,3,3,4,5,3,4,1,5,3,4,4,1,1,5,3,4,5,5,1,4,2,1,4,5,5,3,2,1,3,3,2,1,1,5,1,3,5,1,2,3,4,2,2,1,5,5,3,1,5,4,1,1,5,2,1,2,3,3,5,3,5,5,2,2,3,2,1,4,1,1,5,4,5,2,2,4,3,2,1,4,4,2,2,5,5,1,4,3,3,4,1,5,5,5,3,3,1,3,2,3,5,1,4,4,1,2,4,5,4,4,5,3,2,5,5,1,2,3,5,3,5,5,1,4,2,1,3,5,5,2,1,1,3,1,1,4,2,1,3,5,1,1,5,4,2,4,3,1,4,2,3,4,1,2,1,1,3,2,5,1,2,1,4,4,2,3,5,4,3,5,4,5,1,2,4,4,1,4,4,4,4,4,3,4,1,4,5,5,1,3,1,3,2,5,5,5,3,1,3,5,5,5,5,2,5,3,5,4,2,5,4,3,2,5,3,4,2,5,3,2,4,5,2,4,4,3,4,4,1,4,5,2,5,5,3,1,1,5,2,1,1,5,1,3,5,1,1,1,5,2,4,1,4,4,1,1,4,2,4,2,3,2,5,1,3,4,2,3,5,2
84,4,4,2,5,1,1,4,5,4,1,4,2,2,5,1,5,5,1,3,3,4,3,2,5,4,5,1,3,1,4,2,3,1,3,5,2,3,2,5,5,1,4,1,2,1,3,1,4,4,2,5,4,2,4,4,5,3,2,4,4,1,3,5,2,4,2,5,3,1,3,1,2,3,3,3,5,2,1,3,2,5,5,2,1,2,2,4,5,1,4,2,5,4,4,1,2,1,4,4,1,4,3,5,2,5,2,4,1,1,4,2,4,2,4,4,4,1,2,4,5,5,1,3,1,3,1,5,4,2,4,5,2,3,3,5,2,4,5,3,5,4,1,1,4,2,5,4,1,3,4,4,4,1,1,4,4,2,3,5,5,5,1,1,2,1,4,3,3,3,3,5,5,4,2,1,1,5,3,4,2,5,4,4,5,4,3,4,2,4,1,4,5,1,5,2,3,2,1,3,4,1,3,5,3,5,5,3,2,2,5,1,3,1,2,1,4,4,2,1,3,2,4,2,1,1,1,5,1,4,4,5,4,4,2,1,2,2,4,3,1,3,4,5,2,4,4,3,5,2,5,5,5,1,5,4,1,1,5,4,2,5,1,2,2,1,2,4,4,5,5,2,1,4,3,5,4,2,4,4,2,5,5,3,3,5,5,5,5,4,3,2,1,2,1,4,3,1,5,4,1,5,4,1,5,3,4,1,5,3,5,3,1
85,5,5,2,4,5,3,4,1,4,2,1,5,1,1,2,3,1,3,4,2,5,1,3,1,2,5,4,4,3,4,3,5,1,2,5,5,4,4,2,1,5,4,5,1,3,1,5,5,2,5,4,2,5,1,5,1,1,5,1,3,2,5,3,1,1,2,3,3,5,1,4,5,5,5,2,2,5,4,3,3,1,3,3,4,3,4,2,4,2,4,5,2,2,3,2,4,5,5,3,4,4,1,2,3,5,1,4,2,5,1,4,5,5,4,4,3,5,4,1,2,3,4,2,3,5,2,3,4,4,3,5,3,1,3,3,4,5,3,2,4,4,3,2,3,2,4,2,3,1,1,2,3,5,1,4,3,3,1,5,4,5,4,1,3,4,3,2,2,1,1,1,2,4,5,1,5,5,2,4,2,1,2,2,2,1,1,2,2,5,4,5,4,4,2,5,4,4,1,4,2,3,1,3,2,3,4,3,5,2,5,3,5,1,3,5,4,3,1,4,3,4,3,3,2,5,3,1,5,2,5,5,3,1,3,1,1,4,3,2,5,4,2,3,1,3,3,4,2,4,2,4,5,1,1,1,5,5,1,1,2,2,3,4,2,2,2,2,5,3,2,4,2,5,1,1,3,1,2,5,3,2,1,4,2,4,4,3,5,1,1,2,1,3,1,2,1,5,4,4,4,5,3,2,5,2,3,5,1,3,4,5,3
86,3,5,4,4,3,2,3,5,5,5,4,1,5,5,2,2,3,3,3,5,2,3,2,5,5,3,5,5,2,1,4,3,1,3,1,5,3,1,4,5,3,3,1,3,5,2,1,4,3,5,3,4,5,4,5,2,5,4,1,2,3,2,2,3,5,2,2,1,1,4,3,5,5,4,5,5,1,5,5,4,4,2,5,5,5,1,5,1,2,3,5,4,4,5,1,4,4,2,2,2,4,4,5,5,1,4,5,5,2,2,2,3,5,2,2,4,2,4,1,2,4,2,1,2,4,1,1,1,3,4,3,1,3,2,3,5,1,1,4,2,4,3,5,5,5,5,2,3,5,1,3,2,5,2,5,1,3,1,5,4,3,2,5,1,4,5,2,1,3,4,5,5,5,5,1,3,2,4,5,5,3,3,1,1,1,4,1,5,1,4,1,1,5,5,5,1,5,3,2,2,5,4,5,5,1,4,5,3,2,3,3,3,4,4,4,2,1,5,5,1,5,3,2,5,2,1,5,2,3,3,1,4,5,3,3,1,3,5,1,2,1,5,5,2,1,5,5,2,4,1,5,3,2,4,4,2,4,5,4,1,3,5,2,3,5,3,4,2,2,1,4,1,1,4,5,1,3,5,4,2,5,1,3,4,2,3,2,4,5,1,4,3,5,2,5,5,3,1,5,5,1,1,2,2,1,4,1,2,3,3,5,3
87,2,3,4,1,1,2,5,1,3,4,5,5,5,1,5,2,3,4,3,2,2,3,1,2,5,4,4,2,5,3,4,5,5,1,2,5,3,4,1,3,4,2,3,4,1,4,5,1,3,2,1,1,1,4,5,2,2,5,4,4,5,5,3,4,1,2,4,5,1,3,3,1,1,5,5,2,2,3,1,3,5,4,5,4,1,1,1,2,2,4,3,3,4,2,5,4,3,4,4,1,2,1,2,4,2,3,1,4,3,2,2,3,2,1,5,2,4,2,4,2,2,4,1,5,5,1,2,5,1,1,5,4,3,4,2,4,3,3,1,2,1,4,4,5,1,1,1,1,3,5,2,2,2,3,5,5,3,1,4,1,2,1,3,2,4,2,1,5,5,5,2,5,3,4,5,3,3,2,2,4,4,1,4,2,3,1,4,3,2,5,1,3,2,2,1,1,4,4,1,1,3,4,2,4,4,1,1,4,5,5,4,5,4,1,1,1,2,1,1,4,5,5,1,1,1,4,4,4,5,2,5,4,3,2,1,5,2,3,2,5,4,1,4,4,5,4,4,5,5,3,4,2,1,1,5,5,3,4,5,5,1,4,3,5,5,5,1,5,5,1,5,4,4,1,4,3,5,3,4,1,1,3,4,5,4,4,1,2,5,5,1,4,1,4,2,2,3,4,1,1,1,3,5,1,2,1,1,1,5,1,5,5
88,3,2,1,1,1,5,4,2,1,4,4,4,2,4,1,1,3,5,4,5,5,5,5,5,1,2,4,4,1,1,5,2,4,3,1,3,4,1,4,1,4,3,2,1,3,4,3,1,3,4,5,2,2,5,1,3,3,5,5,4,4,2,1,1,5,2,2,4,3,1,2,4,4,4,3,2,5,5,4,4,3,4,2,4,4,2,1,5,4,2,5,3,1,4,1,4,4,4,1,3,2,2,3,3,4,4,2,4,4,3,1,5,5,4,4,5,3,5,5,5,4,4,5,4,5,3,4,1,4,3,3,4,2,5,5,3,4,2,1,5,2,5,4,5,1,4,3,2,5,4,4,5,3,5,3,5,4,1,1,4,1,3,4,3,4,3,3,1,4,5,1,3,3,5,5,3,5,2,1,4,5,5,2,4,2,4,1,5,1,4,5,2,3,2,3,2,4,1,3,4,1,1,5,5,5,3,3,1,3,1,4,2,1,1,4,5,5,5,1,1,3,3,2,2,3,1,4,3,1,3,5,3,5,1,5,3,5,4,5,5,2,4,1,5,4,1,4,2,1,1,5,3,1,1,2,2,2,5,1,2,2,4,4,2,5,3,4,4,1,1,2,1,1,3,5,2,3,2,5,2,1,5,3,3,4,3,4,1,3,5,4,3,1,5,5,1,3,2,3,4,4,3,4,2,2,5,4,3,5,2,5,1
89,4,3,2,5,3,4,3,4,4,4,5,4,3,1,3,5,4,1,5,2,2,2,1,3,1,1,1,2,3,1,3,4,1,1,1,4,4,2,5,3,5,1,1,2,5,1,5,2,5,3,2,5,1,4,4,2,4,3,2,1,1,2,4,4,1,3,4,3,4,2,5,1,2,4,1,5,5,4,1,4,5,2,2,3,5,5,4,3,3,1,4,2,1,3,2,5,4,3,5,3,2,1,2,4,4,3,2,1,4,1,5,3,1,3,5,1,1,5,2,1,1,4,2,1,5,3,5,2,4,4,4,5,3,3,1,3,3,1,5,5,2,5,4,4,2,3,2,1,2,2,4,1,1,2,1,1,5,1,3,1,4,5,4,4,3,5,2,1,3,3,2,3,2,2,2,3,2,3,5,2,3,3,3,1,1,2,5,2,4,4,5,5,5,1,1,4,5,3,4,5,3,5,2,3,2,1,4,5,4,5,2,3,3,5,2,5,5,5,3,5,3,1,2,1,5,3,2,4,2,2,5,1,1,4,5,2,1,1,3,2,5,1,5,2,2,1,4,5,5,3,2,2,1,1,1,3,4,1,1,1,3,5,4,5,2,2,1,5,3,4,5,5,4,5,5,4,3,4,1,1,1,1,2,3,2,5,5,4,1,4,5,1,3,5,4,4,5,2,3,5,5,4,1,1,1,4,1,5,2,2,2,1
90,2,1,5,5,4,4,3,5,1,3,5,1,5,5,1,5,5,5,4,2,5,1,5,4,4,5,3,2,1,1,1,1,4,2,5,5,3,5,2,5,4,5,1,1,1,1,4,4,4,5,1,3,3,1,2,5,3,4,2,4,2,2,5,4,4,3,1,1,3,2,3,3,4,3,2,1,5,3,3,4,4,3,3,2,1,1,5,1,5,4,5,5,1,3,4,2,5,5,5,3,2,1,4,3,2,4,1,4,5,5,3,4,5,3,3,3,1,5,5,2,1,5,5,2,4,4,1,3,2,2,5,5,2,3,4,1,4,1,3,2,3,2,5,1,5,2,1,1,5,1,2,2,5,3,2,2,1,1,2,5,3,1,1,3,1,5,1,1,2,5,5,2,4,3,5,4,3,5,1,5,3,4,1,3,3,5,2,2,1,3,4,1,1,5,4,3,3,3,1,5,1,2,2,3,5,3,3,1,3,3,5,5,5,3,5,5,4,4,2,1,1,5,2,2,4,2,3,5,3,1,4,3,5,3,3,2,4,1,5,5,1,5,2,3,2,2,2,1,4,1,1,2,4,1,4,2,1,4,5,1,1,1,4,3,1,5,5,2,3,3,4,2,4,2,3,4,2,3,3,1,4,1,3,4,4,5,2,5,5,3,2,5,5,4,3,5,2,1,1,3,1,4,4,2,3,3,1,5,5,5,2,3
91,1,2,4,4,4,3,4,5,4,2,4,5,4,1,5,3,4,2,4,2,1,3,5,5,3,1,1,4,1,4,2,3,2,2,2,2,5,1,3,3,2,3,4,3,2,3,1,2,5,1,3,5,1,4,1,5,4,3,2,3,2,2,5,4,4,1,3,5,3,1,1,5,1,5,1,4,5,4,4,5,3,2,1,1,3,2,3,2,5,5,4,4,5,4,5,3,1,5,5,5,4,4,4,4,3,5,3,4,3,5,5,4,5,3,2,5,3,3,3,5,2,4,4,5,5,1,2,3,3,4,5,2,4,2,5,3,1,2,3,2,2,2,5,4,2,5,1,4,5,1,4,5,1,5,1,2,2,4,1,2,4,3,2,2,5,3,1,4,3,1,2,4,4,3,5,1,3,5,5,5,4,1,1,3,2,3,1,4,3,2,3,5,2,5,4,1,3,3,5,5,1,3,1,5,5,2,5,5,1,2,2,3,4,3,3,3,2,1,5,2,5,5,4,3,4,3,2,5,4,2,2,3,5,3,3,2,3,1,5,3,3,4,5,5,3,1,4,1,3,5,5,1,2,3,5,2,5,5,2,1,3,2,2,5,2,3,1,1,1,3,5,3,2,4,4,4,1,3,3,1,2,4,4,1,4,5,3,4,4,5,2,2,5,2,1,5,3,3,3,4,5,5,2,5,5,2,5,5,1,2,1,4
92,2,5,5,1,1,4,4,5,3,4,5,4,2,1,5,4,1,3,4,5,2,1,1,2,5,3,2,3,5,4,4,5,3,2,5,5,4,2,4,3,3,1,5,2,2,4,4,2,4,1,5,1,3,2,1,1,4,4,4,3,1,5,4,3,3,4,2,1,4,5,1,3,5,1,5,3,4,5,4,3,3,5,5,3,5,5,5,5,1,3,3,2,4,2,5,5,1,1,1,1,1,1,1,1,1,3,1,4,1,5,5,1,1,5,4,2,3,5,1,3,1,2,2,5,3,3,2,1,5,4,2,2,5,1,3,2,5,5,5,3,2,5,3,1,4,2,3,4,4,3,3,3,5,1,5,4,4,4,3,2,5,2,1,1,5,4,1,2,2,3,4,3,5,1,3,3,5,2,2,5,2,5,2,5,2,3,3,2,5,3,1,2,1,1,4,1,1,4,4,4,5,4,5,2,5,2,4,4,2,3,5,1,4,5,5,4,2,4,5,3,2,4,1,4,5,5,1,2,5,2,2,4,2,5,5,3,2,3,4,3,2,5,4,2,4,1,2,1,3,2,1,5,3,2,2,5,5,1,1,1,4,3,2,3,5,3,3,1,5,3,2,1,3,5,2,5,5,5,4,2,5,4,1,4,1,4,5,4,4,5,1,5,2,4,2,5,5,3,2,3,2,3,3,2,5,1,5,1,2,4,5,3
93,5,2,4,4,5,5,5,2,1,1,3,2,4,3,4,4,5,4,4,2,5,5,3,5,1,2,3,1,4,1,3,5,2,3,1,1,3,3,3,5,3,4,2,2,4,1,1,1,1,5,4,2,4,2,1,5,3,3,1,1,4,5,5,4,5,5,3,5,1,3,1,1,4,5,5,5,5,3,2,1,2,2,2,3,2,3,4,4,4,3,3,1,2,5,5,2,5,5,5,3,3,3,2,4,5,1,3,1,5,4,1,5,5,3,4,5,4,3,1,2,2,2,4,2,1,5,4,1,4,4,4,3,5,2,3,5,2,3,3,1,3,4,3,4,5,5,4,1,1,5,3,5,5,4,1,4,5,2,3,5,4,2,2,5,1,2,3,4,4,4,5,4,4,3,1,5,5,4,3,2,4,4,5,5,4,5,3,2,2,2,4,4,4,3,2,5,5,1,1,5,2,4,5,5,1,2,5,4,4,3,4,5,5,4,1,2,5,4,4,5,3,2,5,4,3,5,2,3,4,1,2,3,5,5,3,5,3,2,5,2,4,4,4,4,5,3,5,5,2,3,1,1,3,1,3,2,2,5,1,3,2,5,1,1,1,2,2,1,2,1,4,2,3,2,1,3,5,3,3,2,3,3,1,2,1,2,5,3,2,3,3,4,1,2,5,4,1,5,5,3,1,4,2,2,4,3,3,5,1,5,2,4
94,1,4,1,2,2,1,3,1,2,4,5,4,2,4,3,3,1,4,4,2,1,1,4,5,4,4,4,3,1,3,5,2,5,1,2,5,1,5,2,2,5,3,5,5,5,3,4,2,1,2,2,4,2,2,3,3,3,3,3,1,4,5,3,4,5,2,2,4,1,1,4,1,1,2,1,1,4,1,3,3,4,3,2,4,1,3,2,4,4,1,5,3,2,4,3,2,2,4,3,2,4,3,3,4,3,5,2,2,3,4,1,3,1,3,1,3,4,1,5,4,3,1,2,4,1,4,1,2,5,2,3,4,5,4,1,3,3,4,3,4,1,1,4,2,2,1,5,2,4,1,3,3,2,5,2,5,2,3,5,3,4,4,1,3,3,1,4,4,5,5,4,2,3,5,2,5,1,3,5,4,1,1,4,1,3,5,1,3,4,5,4,5,1,1,5,3,3,3,2,3,1,2,3,1,2,1,5,1,2,3,2,3,3,4,5,4,2,4,3,2,4,1,5,1,2,4,3,4,2,2,2,2,4,1,3,3,5,2,2,2,1,2,5,5,1,2,4,4,3,1,4,3,5,3,2,2,5,1,2,2,3,3,3,4,5,1,3,1,3,2,1,4,3,5,2,3,1,3,2,5,5,5,2,3,2,2,3,4,5,1,1,3,1,4,2,5,1,1,3,3,2,5,1,2,5,2,1,3,3,3,4,2
95,1,2,3,2,5,2,4,4,3,1,5,1,1,5,4,3,2,4,3,4,5,1,5,2,5,1,4,3,2,4,3,1,5,4,3,3,5,4,4,1,4,5,4,1,3,4,5,4,2,1,3,2,5,4,1,4,4,4,4,1,2,5,2,1,5,3,2,1,1,1,5,4,3,5,5,2,3,1,5,3,2,4,3,1,5,4,2,1,4,2,1,5,2,4,1,3,1,4,4,3,4,1,2,1,4,3,3,5,3,3,4,2,2,4,3,1,2,4,1,3,4,2,1,1,2,1,2,4,5,3,4,3,3,2,5,3,3,4,5,5,3,5,4,2,3,1,3,3,2,1,1,1,2,5,1,5,4,2,5,1,1,5,5,4,2,3,4,4,4,1,5,2,1,4,2,1,3,4,1,1,4,3,5,3,4,5,1,3,3,5,1,3,5,3,1,1,2,5,4,3,1,3,3,4,1,2,5,3,4,4,5,5,1,3,3,5,2,3,4,5,3,1,5,4,1,5,5,3,1,5,4,1,3,2,5,2,5,3,3,3,3,1,1,5,1,5,1,1,1,4,3,4,1,1,4,5,3,5,3,2,3,5,3,2,2,1,2,4,5,4,4,5,4,4,4,2,5,5,5,4,2,5,3,5,1,3,5,4,5,2,2,5,4,4,4,5,5,1,2,3,3,2,1,2,1,1,4,2,3,5,5,2
96,5,1,5,1,1,3,5,3,5,1,5,3,4,3,4,2,3,5,4,5,4,3,3,5,3,5,1,4,5,4,1,4,5,3,4,4,1,2,3,5,1,5,5,4,1,1,3,2,5,3,3,5,4,4,5,1,2,4,2,3,3,5,5,5,4,2,3,2,4,2,2,5,2,2,2,1,3,3,2,5,5,5,3,4,2,3,5,3,3,3,5,4,1,2,2,3,4,5,1,1,3,3,5,5,5,3,4,3,3,1,5,2,5,4,4,5,5,3,2,3,1,1,4,4,2,4,1,2,1,5,5,2,3,4,2,4,1,3,4,5,5,1,2,4,1,5,5,5,3,3,5,2,3,4,3,4,3,5,4,2,3,3,5,4,5,4,3,3,3,3,1,3,3,4,3,3,4,3,3,5,1,4,5,2,2,1,2,1,2,2,5,2,1,3,3,3,1,1,3,2,3,4,1,4,4,1,3,5,4,3,5,4,3,4,3,2,2,1,5,4,4,3,5,4,5,5,2,4,4,1,5,3,2,1,2,3,1,2,3,1,3,1,4,4,2,5,5,3,1,4,5,4,3,3,1,5,3,3,4,2,5,1,1,4,1,3,5,1,5,1,2,2,5,2,2,3,1,2,5,3,2,5,1,2,5,5,4,5,4,1,1,3,4,5,3,3,1,5,4,1,3,2,3,2,1,4,5,2,5,1,1,1
97,4,2,5,3,1,5,5,4,2,4,4,5,2,2,2,1,2,5,1,3,4,2,3,2,4,5,5,4,3,1,1,2,4,4,1,3,4,5,5,4,3,5,3,1,2,1,2,5,2,2,4,2,4,2,4,5,5,2,3,5,1,1,4,3,4,2,5,3,4,4,1,2,4,1,3,4,1,2,5,3,4,1,4,5,4,4,1,5,3,1,5,5,4,2,2,3,4,2,1,3,4,1,2,2,2,2,5,3,3,2,3,1,1,3,2,4,2,5,4,5,3,5,3,5,4,5,2,3,1,5,3,1,3,3,1,1,4,5,5,3,2,2,3,4,1,3,5,2,2,2,4,5,4,1,3,3,2,2,1,4,5,1,3,3,4,1,5,1,1,4,5,3,2,5,3,4,5,5,3,3,1,1,5,2,4,3,1,4,5,3,3,1,2,3,2,4,3,3,2,1,5,4,3,1,3,4,5,3,2,1,5,3,5,2,3,5,3,3,5,3,2,5,5,2,2,2,3,3,4,3,2,4,2,1,5,1,2,3,5,3,3,5,5,1,2,3,2,2,4,1,3,5,5,2,1,1,3,3,2,2,2,4,1,2,1,5,5,1,5,5,5,3,3,1,1,4,3,1,3,4,1,1,1,1,2,3,3,3,4,2,3,3,1,1,1,3,1,3,4,4,5,2,1,1,2,2,5,2,3,1,2,3
98,2,3,4,3,5,3,2,4,4,3,2,4,3,3,3,4,1,2,5,5,2,1,2,3,2,2,4,5,5,3,3,4,3,1,4,4,2,2,1,4,4,2,5,5,2,3,4,1,5,3,4,3,4,4,2,2,1,1,3,2,4,2,4,2,4,3,2,5,5,4,3,4,3,1,2,3,4,1,4,5,5,2,2,1,5,3,5,2,4,1,5,3,3,3,1,3,3,5,1,4,4,3,2,1,2,1,1,5,3,5,2,2,4,5,5,5,4,5,5,5,5,2,3,2,5,1,1,4,2,4,4,1,2,3,2,4,5,4,2,1,2,3,5,5,4,2,1,3,4,2,1,2,1,2,2,4,2,2,4,4,5,5,4,3,1,4,5,2,4,4,5,5,3,5,5,5,2,4,4,5,3,5,3,4,3,3,1,3,3,2,4,5,1,3,2,2,5,5,4,3,2,1,4,3,5,3,5,3,1,4,5,1,2,1,1,1,5,2,4,1,5,5,4,3,2,2,1,3,2,1,3,5,1,3,4,2,1,5,1,2,2,3,5,3,5,1,1,3,4,2,3,3,1,2,3,1,1,3,3,1,3,2,1,1,3,3,3,2,1,4,2,2,1,4,1,2,3,1,1,3,4,4,1,3,1,3,2,3,1,5,4,1,3,3,4,1,5,2,5,2,2,1,2,3,2,2,4,4,1,1,3,4
99,5,1,1,4,4,3,4,2,5,2,2,2,1,2,1,4,5,5,2,5,1,4,2,3,5,5,2,5,5,3,1,2,2,3,3,1,4,2,5,1,2,1,4,2,5,2,1,4,1,1,3,1,4,5,3,1,2,3,4,2,4,2,5,4,2,4,3,4,4,2,4,5,1,3,2,4,4,4,3,1,5,5,2,1,1,3,4,1,4,3,2,2,4,4,1,3,2,1,5,1,4,5,1,3,2,5,3,1,4,4,3,4,2,3,3,4,3,1,5,5,4,2,2,4,4,3,2,5,4,5,5,2,5,3,3,2,3,4,2,5,4,2,5,5,5,5,5,2,3,5,4,2,1,3,4,5,2,2,5,4,2,3,4,5,4,4,1,5,3,5,1,5,5,3,1,5,5,2,5,3,2,1,4,3,1,2,4,1,3,2,3,3,2,5,3,2,3,5,2,1,1,1,4,3,3,2,4,3,2,5,3,3,5,5,3,5,2,3,3,1,3,1,5,5,2,1,3,1,5,5,2,5,1,3,3,1,2,3,1,1,5,5,2,2,2,1,1,5,3,2,4,2,5,1,5,5,5,4,4,2,1,5,3,2,2,5,2,5,2,1,2,2,3,1,1,1,2,4,2,5,3,1,5,5,4,1,2,1,3,1,5,5,2,2,2,3,1,4,1,2,3,1,5,1,5,1,1,1,2,5,3,4
100,5,2,5,3,5,2,2,4,3,4,1,2,4,2,2,1,2,4,3,5,4,1,5,2,4,5,4,2,4,1,5,5,5,4,2,4,4,5,2,3,2,4,1,2,5,1,3,3,1,3,1,4,1,4,5,5,3,1,4,5,5,5,3,5,2,3,1,2,3,3,4,2,2,2,5,5,1,1,1,5,4,1,3,5,4,3,3,5,2,4,5,2,5,5,3,5,2,3,2,2,3,2,1,5,3,3,1,1,1,1,4,3,2,3,3,3,1,1,4,3,5,4,1,3,1,2,1,1,4,2,5,5,5,3,5,3,1,5,4,2,2,1,2,2,1,1,1,4,1,1,1,5,5,4,4,2,5,4,4,2,1,3,2,3,2,2,1,4,5,2,1,3,4,2,3,2,5,5,4,3,5,1,4,2,3,3,1,5,3,1,1,2,1,4,3,4,1,1,4,2,1,4,4,3,2,5,4,3,5,3,3,2,1,2,5,2,1,2,2,2,4,4,2,1,1,1,1,3,2,2,3,1,5,5,3,5,4,2,5,4,2,4,2,2,5,3,5,1,4,1,2,5,1,1,1,2,2,2,1,4,5,5,2,1,4,3,2,3,5,5,4,4,3,5,4,4,5,5,1,4,3,2,2,5,3,1,4,1,3,1,5,2,5,4,5,3,3,4,4,2,1,2,5,1,4,3,5,2,4,1,1,3
101,4,4,5,5,1,2,1,5,5,5,1,4,2,2,5,3,1,4,5,3,5,3,2,3,2,2,1,3,4,4,3,1,4,5,4,1,2,2,2,1,2,2,1,5,4,1,1,3,2,5,3,5,2,2,2,4,5,5,3,1,2,2,3,5,4,5,4,4,5,2,4,3,3,4,2,4,3,3,5,2,5,1,4,5,2,4,4,4,4,4,2,1,3,1,3,5,4,5,5,3,2,4,5,1,4,2,4,5,1,5,2,3,1,2,2,5,5,5,3,4,4,5,5,3,4,3,2,4,5,1,2,1,3,3,3,5,3,1,2,5,2,3,4,5,3,5,4,1,1,1,4,2,4,4,3,1,5,2,5,3,3,2,5,2,2,1,5,1,1,1,4,3,3,4,2,5,5,5,1,5,5,5,3,4,2,4,5,2,2,4,4,4,4,1,3,3,5,1,2,4,5,2,3,2,4,4,3,4,1,5,3,3,2,3,5,1,2,5,3,4,4,5,1,4,5,2,3,1,1,2,1,5,1,1,1,5,3,4,1,2,2,5,3,1,5,4,3,3,5,2,3,2,3,3,3,4,2,4,2,4,4,4,5,4,3,1,4,1,1,3,1,1,1,2,4,4,1,3,2,3,3,1,5,1,5,2,5,1,1,3,1,1,4,4,3,5,5,4,2,4,2,5,4,1,2,2,2,5,3,1,4,2
102,5,2,4,1,2,5,5,3,5,3,1,4,3,2,2,4,5,2,3,4,2,5,5,2,4,1,2,5,1,4,5,4,2,4,5,2,5,5,1,3,4,4,1,4,1,4,4,5,1,4,3,1,1,1,5,1,5,3,2,5,4,1,2,5,4,2,3,5,5,3,5,1,5,1,5,4,4,2,4,3,2,4,1,5,4,1,2,5,4,2,4,2,4,1,3,1,5,4,3,3,5,5,3,5,5,4,1,2,3,2,3,3,1,3,3,1,5,2,3,1,3,1,2,4,5,4,1,3,5,2,5,3,4,1,4,5,3,1,3,3,5,4,3,3,3,1,3,3,5,3,3,5,1,4,5,1,4,3,5,3,5,4,1,5,1,3,3,4,4,2,2,4,3,1,4,1,2,1,4,3,4,5,5,5,3,4,5,4,2,5,5,3,4,3,3,4,2,4,2,3,2,2,2,5,5,3,4,2,5,4,2,4,1,2,4,2,2,1,4,3,5,2,2,2,2,5,3,1,3,5,4,1,1,4,2,5,4,3,3,4,5,1,1,2,5,3,3,2,3,2,2,4,1,5,5,1,5,3,3,5,4,5,2,2,1,3,4,5,2,3,3,4,4,4,4,2,4,3,3,5,3,3,2,3,1,3,5,5,4,2,5,1,1,4,2,2,3,1,1,1,1,5,2,3,5,2,4,1,3,2,4,1
103,4,4,5,4,5,5,4,2,4,4,2,1,3,1,4,1,3,1,3,1,5,4,3,4,5,1,4,1,1,4,3,3,4,3,2,1,4,5,4,4,1,5,1,3,4,1,2,4,3,1,1,2,3,2,4,5,1,2,1,1,2,1,3,3,5,3,2,3,5,4,4,2,5,3,5,1,5,3,2,1,5,4,3,2,3,5,2,4,1,5,2,1,2,5,2,4,2,5,2,1,1,3,3,4,1,3,2,4,5,3,3,1,4,1,1,4,2,3,1,3,4,2,5,2,4,2,5,1,2,4,2,5,4,2,4,5,1,5,1,3,5,1,3,3,3,4,5,5,5,5,4,5,1,3,4,4,5,3,1,3,2,3,1,1,1,4,4,2,3,5,2,5,5,2,3,5,4,4,2,5,2,4,2,5,5,4,1,1,3,4,3,4,5,4,2,3,4,3,4,1,3,5,5,4,5,5,3,4,3,4,5,4,4,2,4,2,3,2,3,4,3,5,4,2,1,4,5,3,2,2,5,5,4,1,1,3,2,4,2,4,5,3,5,2,3,4,4,3,5,3,5,3,5,1,3,5,2,2,3,3,4,5,3,2,2,2,5,1,3,1,5,3,4,3,3,3,3,3,5,3,5,3,3,5,3,2,3,4,5,3,3,5,1,2,2,3,5,4,3,2,3,5,4,1,4,3,2,5,3,1,5,5
104,5,3,1,3,5,5,2,4,3,1,5,3,4,3,4,3,2,3,2,4,5,5,3,1,3,2,2,4,3,4,1,5,5,3,4,4,1,4,2,2,2,3,2,2,5,3,2,1,2,3,4,5,5,3,2,1,2,2,1,5,2,4,4,3,3,1,1,3,2,5,4,1,3,4,1,1,2,1,5,1,5,2,5,4,1,3,3,5,2,5,5,5,4,4,5,2,1,3,4,1,4,4,4,5,5,4,4,3,1,1,2,2,2,5,5,3,5,2,4,2,3,4,5,4,3,5,1,2,2,3,3,2,4,1,1,3,3,4,3,1,2,1,4,2,2,1,2,2,3,2,4,2,3,5,5,4,4,2,2,5,5,1,5,5,4,1,1,2,2,1,1,2,4,4,4,4,2,3,5,5,5,5,2,3,2,3,2,1,3,5,3,4,3,4,4,1,3,1,5,3,2,2,2,4,2,5,3,3,4,4,4,5,3,1,4,2,1,1,4,2,4,4,2,1,1,2,1,5,4,5,5,5,3,3,5,4,5,5,3,5,4,4,5,4,5,3,5,1,3,4,4,3,1,3,2,1,3,2,5,1,5,2,4,4,4,5,1,5,5,4,5,2,3,3,3,4,4,3,1,3,5,3,3,1,4,4,5,3,2,5,4,1,4,4,1,3,3,4,5,2,5,5,4,4,2,2,2,4,4,5,4,3
105,3,2,4,3,5,1,5,1,5,3,4,1,4,4,3,2,2,1,3,4,5,5,1,1,1,3,5,3,3,4,3,3,4,2,4,1,2,5,3,2,5,4,4,1,1,2,3,4,2,2,2,1,4,1,1,2,5,5,5,2,3,4,2,2,1,5,2,3,4,3,2,2,1,3,1,3,5,5,3,1,5,2,4,1,3,4,4,2,1,4,1,2,3,4,4,4,1,4,1,5,5,1,5,2,2,5,3,1,5,1,5,2,3,1,3,2,4,4,1,2,1,1,1,3,5,2,3,5,1,4,3,2,2,5,3,1,5,2,3,4,1,2,3,4,2,4,2,5,5,5,3,5,3,1,5,3,2,3,3,2,3,2,4,5,1,3,2,5,3,5,4,3,2,4,3,5,4,2,3,5,5,4,3,5,4,1,5,4,1,4,5,1,4,3,1,4,3,1,4,5,1,1,3,4,5,3,1,3,3,3,1,2,3,2,5,5,5,4,1,2,4,2,1,3,4,1,4,5,4,3,3,2,4,5,3,2,5,5,5,1,3,1,1,3,4,2,3,2,4,3,5,3,4,1,3,5,3,1,3,5,4,5,4,5,2,3,3,1,2,1,3,1,4,2,5,4,5,1,3,4,2,5,4,3,2,2,5,4,4,2,1,2,3,4,5,4,2,3,1,4,2,2,2,3,2,2,2,4,2,3,4,2
106,1,3,1,3,1,2,1,1,3,2,3,2,5,4,4,3,2,1,4,3,3,3,2,3,5,1,3,2,1,1,4,3,3,2,5,5,4,5,2,4,3,5,2,2,3,2,4,4,1,3,2,5,4,3,3,4,1,3,2,5,5,4,3,5,3,4,1,5,2,4,1,2,2,5,3,4,2,5,1,2,1,4,5,1,3,1,1,5,5,2,1,1,5,3,5,3,5,4,1,3,4,3,2,2,1,4,4,2,1,2,4,3,4,1,4,5,4,5,2,5,4,4,4,1,2,5,3,5,4,3,3,5,5,5,5,2,1,1,5,1,5,5,5,2,4,1,1,2,2,5,5,4,1,2,4,1,4,4,5,4,5,1,1,5,3,4,1,4,3,4,3,2,3,1,5,5,4,2,4,3,5,3,5,5,5,1,3,4,2,4,3,2,4,2,3,5,3,1,2,3,5,5,3,4,3,5,3,1,4,3,5,3,3,2,3,1,5,2,3,4,1,1,1,2,3,1,3,4,3,3,3,5,2,3,1,5,3,5,2,5,1,3,1,4,5,5,5,2,1,4,2,2,3,4,5,5,3,5,1,5,1,3,3,1,5,3,3,1,3,5,3,1,5,4,1,4,3,5,3,5,2,3,3,3,1,5,5,5,1,5,3,4,2,5,1,1,5,4,5,1,2,4,5,2,5,4,1,4,3,5,2,2
107,4,4,4,2,1,2,1,4,3,2,4,2,4,2,5,2,5,1,2,1,3,5,2,1,4,1,2,3,5,4,1,2,2,5,4,1,1,1,5,5,4,1,1,4,4,4,2,4,3,5,4,2,3,2,2,2,2,1,5,1,3,1,3,4,3,1,1,3,1,3,2,5,3,2,2,2,2,3,1,2,4,2,1,1,5,5,2,2,5,2,4,3,5,5,1,2,5,5,4,2,3,4,3,1,5,4,3,2,1,1,5,5,3,3,1,3,5,1,1,2,2,3,3,5,5,2,1,4,4,3,4,4,2,1,5,2,5,2,2,4,5,2,4,3,5,2,3,4,2,4,4,4,5,3,3,1,2,4,2,3,3,4,5,4,4,1,5,2,5,4,4,4,4,4,5,4,3,3,1,2,3,1,5,2,4,4,5,2,3,2,1,5,3,2,2,3,1,1,2,4,3,1,1,1,5,4,1,4,2,2,5,4,3,5,1,2,2,3,5,4,2,1,3,3,3,1,3,4,4,5,5,4,1,5,3,4,2,1,1,4,2,1,5,2,3,5,2,4,1,5,4,2,3,1,1,5,4,2,2,4,1,4,2,4,1,5,1,3,3,4,1,1,2,5,1,4,2,2,4,4,1,1,2,2,5,2,4,4,5,3,3,4,3,3,5,2,2,3,1,5,3,1,1,5,2,4,1,4,4,5,2,5
108,1,2,3,2,5,5,4,3,2,3,4,3,3,2,3,4,1,1,5,1,2,5,1,1,5,2,5,2,2,4,1,1,3,5,4,1,3,4,2,1,5,4,3,5,2,5,3,2,3,1,3,5,1,1,4,5,5,2,3,3,5,3,5,1,3,3,5,5,2,3,4,5,4,1,1,4,1,4,2,2,1,4,4,4,1,4,5,4,5,2,5,2,1,2,2,4,3,2,5,1,5,1,5,2,3,2,4,5,3,5,4,4,4,2,2,3,4,2,1,1,2,3,5,4,2,3,5,3,5,1,5,1,4,2,1,3,5,3,1,3,5,2,3,4,5,5,4,1,4,1,2,1,2,2,4,2,1,3,5,5,1,3,2,1,2,4,3,5,1,5,2,2,4,2,2,5,5,1,1,2,3,1,2,5,4,5,5,4,5,1,5,4,2,2,2,4,4,1,4,2,4,3,5,1,2,2,3,1,5,1,1,2,4,5,1,3,2,4,4,2,1,2,4,4,3,3,4,3,3,3,4,1,1,5,3,1,5,2,3,1,1,1,5,2,3,1,4,3,4,5,1,3,3,1,2,5,1,3,2,3,4,3,5,1,3,4,4,1,4,1,5,1,2,4,4,3,2,3,1,5,4,5,1,1,2,3,4,4,5,2,1,2,4,3,5,1,1,1,3,4,4,2,2,4,1,3,4,3,5,1,5,4
109,2,4,5,3,4,2,5,4,5,5,1,3,1,5,2,2,1,2,5,4,5,4,2,3,3,5,5,2,3,3,5,3,5,1,3,4,2,5,3,3,5,4,3,1,2,5,3,2,5,5,5,4,1,5,4,5,5,4,1,2,3,5,1,3,5,3,4,1,1,2,2,3,4,3,5,1,3,3,1,1,2,2,1,3,5,3,5,1,5,2,1,4,5,5,4,4,1,3,4,5,4,1,1,5,5,5,3,5,1,1,4,5,3,2,4,3,5,3,2,3,2,2,2,3,5,1,1,3,5,1,2,3,3,4,4,4,5,3,4,3,2,4,3,5,5,5,4,5,1,2,3,1,4,3,3,5,3,3,2,4,1,5,2,1,1,2,5,4,2,2,2,5,2,2,3,3,3,3,2,3,1,4,3,5,4,1,4,4,1,3,1,5,1,2,2,4,3,3,2,5,1,1,1,5,5,1,1,5,1,5,4,2,2,5,1,2,3,1,5,3,5,1,4,4,4,1,1,3,1,1,3,3,5,2,2,5,4,1,3,3,4,3,4,5,4,2,4,5,4,5,2,1,5,1,5,4,1,5,5,1,5,1,2,3,2,1,4,4,3,1,5,2,2,3,3,3,3,3,3,5,5,2,2,3,2,3,5,4,5,1,5,1,2,5,4,5,5,5,3,5,5,4,1,1,4,2,5,2,4,2,1,3
110,2,3,2,4,3,2,4,1,5,4,4,1,3,2,3,4,2,5,5,2,4,1,3,3,1,1,5,1,2,5,4,5,5,3,1,2,1,3,1,2,1,3,2,1,3,3,5,2,2,1,5,2,3,2,5,4,3,2,3,1,3,2,1,1,1,4,4,1,2,1,1,3,3,3,5,3,3,2,4,4,4,5,1,3,2,5,4,5,2,5,4,1,4,4,4,5,2,4,5,2,1,4,3,5,1,1,1,5,2,3,2,4,3,2,4,3,5,4,2,3,4,4,5,4,3,1,3,3,5,5,4,5,4,1,2,5,5,1,5,1,4,5,5,4,5,3,1,2,3,2,3,3,3,1,2,4,4,5,1,1,1,3,1,4,1,3,2,1,2,5,3,1,5,5,2,4,4,4,4,3,1,1,3,2,1,5,1,3,2,1,3,5,4,5,5,2,1,4,3,4,1,2,1,3,4,5,1,2,2,4,5,3,5,4,5,4,5,1,2,4,4,2,3,4,1,5,1,4,3,4,3,2,5,1,3,1,2,4,3,5,3,4,4,5,5,2,1,3,2,1,2,5,5,4,3,3,3,2,2,3,4,1,2,3,5,2,1,2,1,1,2,1,2,2,4,5,1,2,1,2,2,2,5,1,5,5,5,5,4,1,1,2,1,5,3,1,3,4,2,2,2,4,5,3,1,5,2,2,5,3,5,4
111,2,3,1,2,5,3,2,1,1,5,4,5,3,5,3,4,5,1,3,3,1,5,4,2,5,5,3,3,4,4,4,1,2,2,4,3,2,5,1,3,1,5,2,1,1,1,5,3,3,5,1,1,4,2,2,3,5,1,2,5,5,1,5,2,4,2,4,5,2,1,5,1,4,3,3,4,3,5,5,2,5,3,1,2,1,3,1,3,5,2,4,3,5,1,5,1,1,1,1,2,1,2,4,2,1,4,5,2,5,4,2,1,2,1,3,2,2,5,5,4,1,5,4,1,1,1,3,1,4,1,1,4,2,1,4,5,4,3,5,2,2,4,4,1,1,3,1,4,4,1,3,4,3,4,3,3,3,1,2,3,3,4,2,4,4,3,5,2,4,5,5,4,3,1,4,3,2,3,5,2,2,1,1,4,3,4,1,5,1,3,5,4,4,1,1,4,4,2,3,2,2,4,3,4,2,2,4,1,1,4,5,5,1,3,2,3,1,4,5,1,3,3,1,2,3,2,2,4,1,1,2,4,3,3,1,2,4,4,3,3,5,5,2,5,4,5,1,1,3,3,2,1,2,2,5,3,2,2,3,3,1,3,5,1,2,5,5,1,2,1,4,4,1,2,2,3,5,1,5,5,4,4,1,1,2,1,2,2,1,2,5,2,5,5,5,3,3,2,1,2,3,4,4,2,3,5,3,2,3,4,5,2
112,2,1,5,2,3,3,3,3,2,4,5,3,2,2,3,1,2,5,5,1,2,1,2,2,1,4,3,3,3,1,2,2,5,2,4,3,4,3,1,4,2,3,5,4,1,5,1,3,4,1,5,5,2,1,4,4,2,5,1,5,1,1,1,5,5,5,3,5,2,3,1,4,3,3,1,5,5,3,5,3,4,4,1,2,2,5,2,4,1,4,3,5,5,2,3,2,2,2,3,2,5,2,3,3,4,2,3,2,1,5,5,2,5,5,1,5,5,3,5,2,5,2,5,2,5,2,5,1,3,3,3,3,1,1,5,1,3,4,5,2,3,3,3,1,2,5,3,2,4,1,3,2,2,3,2,2,5,1,5,1,1,5,3,2,4,5,5,3,2,5,4,2,5,5,1,1,5,3,1,5,2,4,1,5,1,2,3,5,2,4,5,4,3,5,5,2,1,5,3,5,5,5,5,3,2,1,3,3,4,1,2,2,4,4,3,2,2,2,3,2,5,4,4,4,4,5,1,2,4,2,2,5,2,4,2,5,4,5,3,1,2,2,2,3,1,5,3,3,4,3,3,2,4,5,1,5,4,2,1,5,1,1,1,3,4,4,2,5,2,5,1,5,5,1,2,5,2,2,4,1,1,3,2,3,1,1,3,1,1,4,5,4,5,4,4,2,3,4,2,4,3,2,5,3,1,2,1,2,5,2,4,1
113,1,2,4,4,2,3,5,2,4,5,2,5,3,4,3,3,4,3,2,2,5,2,2,5,1,4,2,5,3,3,2,4,5,5,5,5,5,4,5,4,4,4,3,1,2,3,1,3,4,4,5,4,3,2,4,1,3,1,5,5,2,3,2,1,2,1,2,5,3,2,1,3,5,5,4,3,2,5,2,2,1,2,4,3,3,1,4,4,3,4,5,2,2,3,3,4,1,3,3,3,4,5,3,5,4,1,2,2,2,2,4,2,4,1,3,3,3,4,4,4,1,5,4,4,3,2,2,1,2,5,3,1,2,2,3,1,3,1,2,3,3,5,3,1,5,3,3,5,2,3,4,2,3,2,1,2,5,3,2,4,1,1,2,5,1,2,2,1,2,2,4,2,2,5,1,5,3,5,3,3,5,4,5,1,5,4,5,4,1,2,4,4,4,1,3,4,1,2,4,3,1,2,3,2,3,5,5,5,2,5,1,1,5,3,3,2,3,4,3,1,3,2,3,2,4,5,4,1,4,4,1,1,5,5,3,2,1,4,4,5,2,1,5,2,1,4,4,5,2,4,2,5,3,2,2,5,3,4,1,5,1,3,3,2,1,1,3,1,4,3,2,2,2,1,3,2,3,1,4,4,4,1,2,1,3,4,3,1,5,5,1,2,3,1,1,5,4,4,2,2,2,5,1,2,5,3,1,3,4,4,1,2
114,1,2,4,1,1,2,4,4,2,2,2,4,4,1,4,3,3,2,2,2,1,3,3,4,3,4,1,2,2,4,5,4,1,3,4,1,2,5,5,4,3,4,5,5,2,3,3,5,5,4,4,2,5,4,2,3,5,1,5,4,5,1,5,4,3,4,2,4,2,5,2,5,2,4,1,5,2,1,2,2,2,4,2,1,2,3,5,4,3,3,1,1,4,4,5,2,4,4,2,5,1,5,2,1,1,1,5,2,5,5,3,4,5,3,2,3,5,2,3,5,2,2,4,5,4,2,2,3,4,1,5,4,2,3,5,5,3,2,1,3,1,4,5,2,1,2,4,1,2,2,4,3,4,1,1,5,2,1,3,3,4,1,1,5,5,5,1,4,4,4,4,3,1,2,1,4,3,3,1,2,4,3,4,4,4,5,4,4,2,2,5,5,4,3,3,1,3,3,2,1,1,2,3,3,1,3,1,3,4,2,5,4,3,5,4,2,5,5,2,4,5,2,4,3,1,3,3,1,3,3,2,2,4,5,4,2,2,1,1,2,3,4,2,2,1,4,4,5,2,5,1,5,3,2,2,4,5,4,5,5,1,5,4,5,5,2,2,2,3,2,3,3,4,2,5,1,5,2,5,2,2,5,3,4,4,4,4,1,2,1,4,4,5,4,2,4,4,1,2,3,5,3,1,4,5,2,5,1,4,1,2,3
115,4,4,1,1,1,4,1,5,5,5,4,1,2,1,4,5,4,1,4,2,4,3,4,1,3,5,1,2,4,4,1,4,4,5,4,4,5,4,5,2,4,1,3,2,4,1,3,5,4,5,2,3,3,5,5,2,1,4,1,3,4,2,1,1,4,2,2,1,1,5,4,2,3,4,5,4,1,4,4,4,3,5,4,4,3,2,4,4,2,4,4,4,5,1,5,2,5,5,3,2,2,2,5,2,3,4,5,4,4,5,5,2,3,5,4,5,3,1,4,1,1,3,5,1,2,5,4,5,3,3,4,4,4,3,5,1,1,2,3,4,5,3,2,1,5,1,5,4,5,4,3,1,5,5,2,1,3,4,3,2,3,4,1,2,5,5,1,3,5,2,4,3,4,3,2,4,2,4,3,2,3,3,4,4,2,5,1,4,3,1,2,1,1,5,5,1,5,5,1,4,5,1,4,5,1,5,4,1,4,3,2,3,5,4,1,4,5,1,3,4,2,5,5,4,3,3,2,2,4,1,3,1,1,4,2,1,4,2,1,1,2,2,5,5,4,4,3,5,2,5,4,4,4,2,1,4,5,1,5,4,2,1,1,4,4,4,3,2,2,4,3,4,4,2,3,2,4,5,1,4,3,5,3,4,4,1,3,5,1,3,4,1,4,2,2,1,1,3,5,5,2,2,2,4,5,1,2,3,1,1,1,5
116,2,3,4,3,3,3,4,3,3,2,2,2,1,3,5,5,5,4,2,2,2,4,3,1,2,3,5,1,5,3,3,5,1,5,5,5,1,4,1,5,2,2,3,4,3,3,2,1,3,3,4,2,1,4,1,1,3,4,3,5,1,4,2,3,5,5,5,3,2,4,1,2,3,4,1,4,1,1,5,3,2,5,5,4,1,1,4,3,1,5,5,1,1,3,1,3,5,3,1,2,1,2,5,4,5,5,5,3,5,4,1,2,5,2,5,3,2,5,5,4,4,4,3,2,3,1,5,5,5,4,5,4,1,3,3,3,4,2,2,1,2,1,5,3,4,1,4,4,3,5,5,2,5,3,4,1,1,5,2,1,2,1,2,2,4,3,1,5,3,4,4,4,5,1,1,2,2,2,5,3,1,2,5,5,2,4,4,4,2,5,5,1,4,2,1,5,1,4,3,4,4,2,3,3,3,5,1,5,3,2,4,4,5,5,2,4,5,1,5,5,3,1,1,2,3,1,3,3,4,1,4,5,5,4,5,4,2,3,2,1,2,2,5,4,1,5,1,3,4,5,2,3,2,1,3,5,2,2,1,1,4,4,1,4,2,1,3,1,5,5,1,3,1,3,2,2,3,4,2,5,1,4,5,1,5,4,3,1,5,5,4,4,4,3,2,5,3,5,3,1,2,5,4,2,5,1,5,5,5,2,5,4
117,3,4,1,2,3,2,2,5,4,3,5,3,4,5,3,5,2,1,3,4,3,1,3,3,3,4,1,1,4,3,3,1,3,2,3,3,5,1,1,2,2,2,1,5,5,4,1,4,3,2,4,4,1,2,2,5,4,5,4,1,1,3,4,4,2,2,5,3,1,4,5,3,2,3,5,1,2,2,1,2,5,2,4,3,5,1,5,4,2,2,5,2,2,4,1,3,5,1,3,1,5,4,4,4,1,5,2,2,4,1,2,1,5,4,3,4,3,2,3,1,3,2,2,4,2,1,3,5,2,3,4,5,4,1,4,3,5,4,4,1,3,4,3,2,1,1,1,3,4,4,3,3,2,5,5,1,4,1,4,4,2,3,3,3,5,3,5,1,5,4,2,2,4,1,2,4,2,5,2,5,5,2,2,5,2,1,3,3,4,3,1,3,3,1,5,3,4,3,3,1,1,4,2,1,2,4,3,3,2,4,4,1,2,1,2,1,1,4,4,3,3,4,4,1,3,4,2,2,3,2,1,3,4,2,1,4,5,1,2,1,5,5,1,4,4,5,3,3,4,3,4,2,4,2,5,3,5,1,1,5,4,4,3,5,1,5,5,3,4,1,3,1,1,4,4,3,2,3,3,2,1,5,2,5,1,2,4,3,2,2,1,4,2,4,5,2,4,3,1,4,1,2,2,5,1,3,3,4,3,1,2,1
118,1,2,1,3,4,4,1,2,5,1,1,5,4,4,5,2,1,3,4,4,4,2,5,2,4,1,4,1,1,4,4,1,2,2,2,3,1,3,3,1,3,1,5,5,1,1,1,2,1,4,5,5,1,5,1,1,5,5,4,3,4,4,5,4,5,2,1,3,2,1,1,3,4,1,3,5,1,1,4,4,5,1,4,3,1,3,2,5,4,2,4,2,4,5,1,3,2,3,3,4,1,4,3,5,1,1,3,4,5,2,4,1,4,2,5,5,2,2,3,1,3,4,2,3,1,1,2,3,5,2,4,3,3,2,3,3,4,4,5,4,5,4,5,4,4,2,4,5,2,5,4,4,5,3,2,2,4,2,5,4,2,1,2,5,2,3,3,4,3,5,1,1,4,4,3,5,3,5,5,1,5,2,5,1,3,5,2,4,3,4,2,1,1,3,5,5,4,1,5,5,1,1,2,4,1,2,1,3,3,3,1,5,5,3,4,2,3,2,2,3,5,4,3,2,1,1,2,3,5,3,4,1,2,5,3,4,3,4,3,5,5,2,5,4,2,5,1,4,2,4,2,4,1,5,3,3,3,2,5,2,2,2,2,5,3,4,2,5,1,4,2,2,4,4,2,5,1,5,3,3,3,2,1,1,2,2,2,1,2,4,4,4,2,4,2,4,2,5,3,5,3,3,4,3,3,5,3,2,2,4,5,1
119,5,1,3,1,3,5,5,4,4,3,3,2,2,2,5,1,3,4,3,1,3,4,4,1,4,5,4,1,1,3,4,4,1,3,3,5,5,1,3,3,5,5,1,3,1,5,4,5,3,1,3,5,5,2,5,3,1,1,2,3,5,4,1,3,2,4,3,5,1,5,2,1,4,1,5,3,3,3,2,2,3,4,5,4,3,5,2,1,1,5,4,5,4,4,1,2,3,2,3,1,3,4,5,3,2,1,1,5,4,4,1,4,5,1,4,3,3,4,3,5,2,5,5,4,5,4,1,4,4,1,2,1,4,3,4,1,4,1,5,2,2,1,2,3,3,2,1,3,2,4,3,5,3,2,2,2,1,1,4,4,3,2,4,2,3,1,4,5,5,5,5,5,5,5,4,5,5,3,4,3,2,5,1,5,5,3,2,3,4,2,2,2,3,5,5,5,5,5,4,1,2,1,4,5,4,4,1,2,3,3,2,5,4,5,4,3,2,1,1,2,3,4,1,3,2,5,3,3,5,3,1,1,1,3,3,3,2,5,3,5,4,1,2,5,1,2,1,3,3,1,2,1,4,2,2,1,5,1,5,2,3,3,1,5,1,4,1,1,1,1,5,5,5,4,4,1,5,4,3,1,2,5,1,1,2,3,4,4,2,2,4,3,3,1,2,2,2,4,4,4,3,4,1,4,3,2,1,3,5,2,4,3
120,5,3,4,3,5,3,1,1,4,5,5,5,5,5,2,3,5,1,3,4,4,5,2,2,3,2,4,5,1,4,4,3,2,1,1,2,5,2,5,1,3,4,1,1,1,4,5,3,3,3,5,2,2,3,1,1,4,2,1,3,4,2,4,1,3,3,3,1,5,3,5,3,5,2,2,3,4,4,1,2,2,4,3,1,2,1,2,5,5,1,4,4,2,5,5,1,1,4,4,4,3,5,5,1,5,1,3,4,3,4,4,1,4,3,2,1,4,4,5,1,1,3,2,3,3,3,2,3,1,2,4,5,5,1,5,5,5,4,5,3,1,1,1,4,4,5,3,5,1,3,1,3,2,4,4,1,1,2,5,3,2,2,1,1,5,5,1,4,5,2,1,3,3,4,1,2,4,2,3,2,3,5,3,3,4,4,1,1,3,5,1,3,4,1,1,3,3,2,2,5,1,2,3,1,2,5,5,5,5,3,5,4,5,2,1,2,1,3,1,4,5,2,1,2,5,3,5,3,2,3,3,3,3,3,1,3,3,5,5,5,3,5,1,2,5,5,1,4,4,1,5,2,5,1,1,3,1,3,1,3,3,5,3,4,1,2,1,5,5,3,5,5,1,4,4,3,5,5,4,3,5,3,1,5,5,5,4,4,5,5,1,1,3,3,4,2,1,3,1,1,2,1,2,2,1,1,3,1,1,1,3,2
121,3,1,5,1,3,3,4,5,3,2,1,2,3,3,2,2,4,1,2,1,5,3,2,5,3,4,3,2,5,5,5,3,1,1,3,2,3,1,3,5,2,2,4,3,5,3,4,4,3,3,3,1,4,2,1,5,2,2,2,4,5,1,5,1,4,5,2,5,4,4,4,1,5,2,2,3,4,2,4,2,5,3,4,1,1,2,5,4,3,5,2,5,3,5,4,2,3,2,4,3,3,2,5,5,1,1,3,2,3,2,4,1,3,4,5,1,2,5,5,4,3,3,4,5,1,5,4,5,5,5,5,1,2,2,3,2,2,2,5,5,1,5,5,2,1,1,2,2,1,4,2,2,1,4,4,3,4,2,5,1,2,1,4,1,2,5,2,3,1,2,4,4,2,3,1,3,5,2,3,5,3,5,4,4,2,3,4,1,4,4,3,5,1,1,5,3,4,5,1,1,4,4,2,5,4,2,3,1,5,3,5,5,4,2,5,3,5,2,1,5,3,1,1,4,4,5,3,4,2,2,1,1,1,2,4,4,5,3,2,1,3,1,3,3,4,5,5,1,2,5,2,1,2,3,3,1,2,2,1,5,4,5,4,2,4,4,2,3,4,1,5,2,2,4,3,3,5,5,3,3,3,4,1,5,2,3,3,1,3,5,3,1,4,5,4,2,1,2,2,2,2,1,4,3,2,3,3,2,5,3,5,4
122,3,1,4,4,5,2,1,1,5,5,4,5,2,4,4,4,1,1,4,2,3,4,5,3,1,1,3,5,1,1,4,2,5,4,2,1,2,1,4,1,2,4,2,2,3,1,1,2,1,5,1,4,1,5,2,1,4,5,3,2,2,2,5,1,1,1,1,2,3,2,3,3,1,4,5,4,3,4,3,2,2,1,5,2,5,1,5,2,2,4,4,4,5,2,1,3,2,4,4,5,4,5,1,4,5,4,5,2,5,3,1,2,1,2,4,5,4,1,1,2,1,5,1,4,5,1,3,3,4,2,2,1,5,2,3,2,3,2,4,5,1,3,2,1,3,3,4,2,1,2,2,5,3,3,5,5,2,3,1,4,5,1,1,2,5,1,4,1,4,4,4,5,4,5,1,4,3,1,3,3,2,5,2,5,2,1,3,1,5,3,3,5,1,3,1,1,1,3,4,2,5,1,3,5,4,4,3,1,4,4,4,3,5,2,3,1,3,3,2,2,2,5,3,1,2,2,3,1,2,3,4,5,3,2,1,4,1,1,1,3,3,5,4,1,2,1,4,1,3,3,4,5,1,4,2,2,5,3,4,1,4,5,4,5,5,5,4,2,1,5,3,5,4,5,3,2,4,4,4,3,4,2,1,1,5,1,3,1,3,3,5,1,5,4,2,1,4,4,5,5,2,2,2,2,5,3,5,3,5,5,2,3
123,4,4,4,2,4,5,2,4,2,5,2,4,2,1,4,5,3,2,2,4,4,1,5,2,2,3,2,2,1,3,2,2,5,2,1,2,2,4,2,3,4,3,3,1,2,3,2,2,1,1,3,3,4,2,2,1,1,3,4,4,1,1,4,4,3,4,2,4,5,4,1,1,5,2,4,4,5,3,3,2,4,4,4,1,3,5,1,1,3,4,2,5,3,2,3,3,3,3,4,1,3,2,2,2,1,1,2,4,1,1,4,3,1,2,2,4,2,5,2,4,4,4,5,1,3,2,1,4,1,1,5,4,4,2,2,2,2,1,1,2,2,2,3,2,3,2,4,5,1,4,5,3,1,3,3,1,5,1,2,3,2,1,1,5,3,4,1,4,3,2,3,5,4,4,2,2,1,3,5,1,3,2,5,2,2,4,3,1,4,3,3,3,5,4,1,4,2,3,2,4,1,2,2,5,4,2,4,1,2,1,2,3,5,5,5,1,4,5,2,2,3,1,2,2,3,3,4,4,4,2,3,1,4,5,2,1,2,4,2,4,2,4,3,3,3,3,3,5,2,3,5,5,2,2,4,4,3,1,4,1,4,5,5,5,1,3,4,4,1,5,3,4,3,3,2,3,2,1,5,2,3,5,3,3,2,1,3,2,3,5,1,3,1,1,5,5,4,1,3,5,3,1,5,4,1,3,4,1,5,1,2,3
124,5,5,2,4,5,4,4,4,1,2,3,2,5,2,3,1,5,1,5,3,1,3,3,2,5,4,4,1,3,2,5,1,3,4,4,5,5,5,1,5,1,2,3,4,1,3,5,4,1,5,3,2,3,1,2,2,5,3,1,2,5,2,3,4,1,4,3,4,3,3,5,4,2,3,4,2,1,2,4,4,2,2,3,4,3,3,1,4,3,1,3,3,4,2,2,4,2,5,2,3,3,1,4,1,3,3,1,5,2,5,5,5,5,2,4,1,5,5,1,1,4,3,4,3,2,4,2,1,4,1,5,1,5,3,5,3,5,5,2,2,1,2,3,2,1,4,3,4,3,1,2,4,4,2,1,2,5,5,5,4,4,1,3,2,3,4,2,4,1,2,4,5,5,4,3,1,1,4,1,2,1,5,4,2,1,5,3,1,5,5,5,5,3,4,5,4,3,3,2,2,5,4,3,1,2,2,1,4,4,4,5,5,1,3,1,3,1,5,4,2,1,1,2,1,4,2,2,4,4,2,4,4,4,2,1,3,2,3,4,4,1,4,3,2,2,1,3,4,5,1,1,5,2,2,2,5,4,4,3,3,2,5,1,4,5,3,4,4,5,3,5,1,4,5,5,1,5,4,2,2,3,1,3,2,1,5,5,4,2,5,1,5,3,3,3,3,3,4,3,4,4,5,1,3,1,2,4,2,4,3,2,5
125,2,4,4,1,2,5,3,1,2,1,2,3,3,5,1,5,2,3,3,4,4,5,1,2,5,3,3,3,2,5,2,3,4,5,4,5,3,4,4,5,4,4,3,5,5,1,5,3,4,1,4,5,2,4,5,3,5,1,2,2,2,3,2,4,3,5,1,3,1,3,5,1,3,1,2,2,2,4,2,2,5,1,1,2,1,3,2,2,4,3,2,2,1,2,2,2,2,4,3,4,1,5,2,1,5,2,2,5,4,5,5,3,2,2,4,4,3,3,3,4,5,2,2,1,4,4,3,1,1,4,3,2,3,2,4,3,1,5,1,2,4,3,4,4,2,4,3,1,4,3,3,2,4,2,1,1,3,4,3,4,2,1,1,2,5,5,5,4,2,4,4,2,4,2,5,5,4,1,2,3,3,4,1,2,5,4,2,2,2,1,2,1,1,2,5,2,5,4,3,4,1,4,3,3,5,4,1,1,5,5,4,5,3,1,3,2,3,1,2,4,2,5,1,5,3,4,1,4,1,5,3,2,4,1,1,4,2,3,1,1,4,4,1,1,1,5,1,3,3,2,4,2,1,4,1,4,5,5,5,2,4,2,4,1,5,5,4,2,2,3,5,5,2,5,2,3,4,4,3,5,1,5,2,1,3,4,4,5,4,5,2,2,3,2,5,4,2,2,5,2,4,4,4,4,1,4,1,4,4,5,4,2
126,4,3,5,5,4,3,4,2,5,5,3,1,3,2,3,1,2,2,1,4,3,2,3,1,5,1,3,2,3,5,2,5,4,1,4,3,4,1,2,5,2,4,3,4,1,1,3,2,1,1,3,2,4,5,3,2,5,3,4,4,2,2,4,4,3,2,5,4,5,2,2,1,4,2,2,4,1,1,1,1,3,4,4,4,1,1,2,3,4,3,4,1,1,4,5,1,2,1,2,3,1,1,3,2,5,2,4,4,4,3,2,1,4,2,1,2,3,4,5,4,4,3,1,4,1,1,3,4,3,3,5,3,5,1,1,2,2,1,4,2,3,2,1,4,1,4,2,3,3,1,4,2,4,4,4,2,4,3,1,5,4,3,3,1,1,5,5,5,2,2,3,1,4,1,2,3,4,5,5,2,3,1,2,1,4,1,4,3,2,1,3,3,1,5,5,4,3,2,2,3,5,3,4,3,1,5,1,1,3,3,2,1,3,2,1,2,5,4,1,3,5,2,4,1,4,5,4,1,5,2,1,4,1,5,4,2,3,2,1,3,5,4,4,5,1,2,3,5,1,1,3,5,2,2,5,4,2,4,5,1,5,1,5,4,4,5,1,5,1,4,3,2,4,5,5,1,2,4,2,2,4,1,1,1,3,2,3,1,4,2,4,5,2,4,1,3,4,5,1,5,3,5,4,4,1,3,3,2,2,4,5,5
127,1,3,4,5,2,4,1,4,5,1,2,2,5,1,2,1,4,3,3,3,2,5,3,5,3,4,3,5,2,4,5,1,3,4,2,1,3,4,5,3,4,3,4,5,3,4,1,2,4,4,4,3,2,3,4,4,2,1,3,1,4,4,5,5,1,5,2,1,5,5,2,2,1,3,2,5,1,3,1,5,3,3,2,4,5,4,5,1,4,3,2,5,2,5,3,3,3,3,3,2,1,4,2,4,1,5,1,1,5,4,3,5,5,1,5,2,3,1,4,4,4,4,4,1,2,2,4,2,3,2,5,4,5,5,4,1,2,3,1,3,4,2,1,4,1,5,2,2,4,4,4,2,5,2,4,3,5,2,3,5,2,4,2,5,4,1,3,4,4,5,5,3,5,4,3,3,2,4,4,5,4,5,4,2,4,2,4,4,1,4,2,3,2,4,5,1,5,1,1,5,4,2,5,3,1,2,3,2,4,3,5,2,5,5,2,2,1,1,3,3,3,1,5,4,4,2,1,2,4,2,1,1,1,4,1,3,3,1,3,1,4,3,4,3,5,5,4,3,5,1,2,5,5,1,5,5,5,3,5,2,3,3,4,5,2,2,4,2,3,1,3,1,2,5,1,3,3,3,3,4,2,5,4,2,1,4,4,4,4,1,3,4,2,3,1,5,1,5,2,5,4,3,3,4,3,1,4,4,3,5,2,5
128,1,4,4,1,2,4,5,1,4,5,1,1,1,2,1,3,3,1,4,3,5,5,4,5,4,5,1,5,1,5,5,5,1,5,5,2,1,3,4,2,5,3,3,5,5,2,1,2,1,3,4,5,2,3,2,1,5,1,1,1,3,5,4,2,1,5,2,5,2,5,4,5,5,1,1,1,5,4,2,1,3,5,4,4,1,1,3,3,1,2,1,1,4,1,1,1,2,4,5,5,5,5,4,1,5,1,5,2,1,4,2,2,4,2,1,3,3,5,5,1,4,1,5,2,1,1,4,5,1,2,2,3,5,2,4,5,2,1,5,2,1,3,5,5,2,3,4,2,2,4,4,4,4,4,1,1,4,3,3,4,1,3,1,2,1,4,5,4,2,1,3,4,3,1,2,4,3,4,4,3,2,4,2,2,1,3,1,5,1,4,4,4,5,2,4,1,2,1,1,4,1,5,2,4,4,1,1,3,3,4,4,1,5,5,1,3,3,5,4,1,4,3,5,4,3,3,3,4,2,5,3,4,1,5,1,1,4,2,4,4,5,4,5,3,5,4,3,3,2,4,1,4,1,2,4,2,1,5,4,3,3,2,5,3,3,4,3,1,2,3,4,1,3,2,2,2,3,1,5,2,1,4,4,1,4,4,2,3,3,3,3,1,2,1,4,2,5,3,4,3,3,3,5,4,3,3,2,3,2,4,4,4
129,2,5,5,3,4,1,3,5,5,4,2,3,2,5,4,5,4,1,2,3,4,1,1,2,4,3,3,3,5,5,4,3,1,3,4,3,2,3,1,4,4,1,4,3,4,3,4,3,3,1,1,5,1,3,3,4,4,5,3,5,3,1,4,5,2,3,1,2,1,1,3,1,5,2,1,1,4,4,5,4,1,1,2,4,3,4,1,2,4,2,4,5,1,1,3,1,3,1,4,4,5,4,2,4,3,5,2,2,1,3,4,4,1,4,2,4,4,2,3,3,2,2,5,5,4,4,5,4,3,3,1,5,3,1,2,3,1,4,1,3,4,4,1,1,3,4,5,1,5,5,4,3,5,3,1,4,2,4,2,1,3,1,4,2,2,4,4,1,5,2,4,1,5,3,4,5,3,3,1,2,4,5,3,2,3,4,4,1,4,4,4,2,5,5,4,5,4,5,5,3,2,3,3,5,1,1,2,4,5,2,3,5,3,2,1,2,5,5,4,1,5,1,5,1,2,1,3,2,5,5,4,3,4,2,4,2,4,1,2,2,1,1,3,1,4,1,1,2,2,1,3,2,4,4,1,1,3,1,5,5,1,5,4,1,4,4,5,3,4,5,3,5,5,1,2,3,5,4,4,2,3,1,3,4,4,1,1,4,5,5,1,5,1,3,3,3,1,1,5,5,5,2,1,3,3,2,2,3,1,3,3,2
130,2,5,2,3,5,3,1,1,2,5,4,1,1,1,1,2,5,1,2,5,5,4,3,1,2,5,4,3,5,5,1,3,3,2,4,2,4,2,4,1,4,2,3,5,4,4,3,1,2,1,4,4,1,2,4,4,1,5,3,4,2,5,1,1,2,5,2,4,5,3,3,2,3,2,4,4,2,4,3,4,3,3,1,4,4,2,2,5,3,1,3,4,5,3,5,3,4,4,3,1,4,2,1,3,1,2,4,4,4,2,1,3,3,1,4,3,4,5,5,3,1,1,1,4,5,4,2,2,3,2,1,3,5,5,2,2,5,2,2,4,5,5,2,1,4,1,2,5,1,3,1,5,2,1,2,4,3,5,5,2,3,5,1,5,1,5,1,4,2,4,1,2,3,1,5,5,3,4,1,5,2,3,4,4,2,2,3,2,5,4,2,1,2,4,5,2,5,1,4,3,4,3,3,4,3,5,1,2,3,3,4,5,2,3,5,2,4,3,4,4,3,5,5,4,4,1,2,4,4,2,3,5,3,2,2,1,1,5,4,2,1,3,1,3,1,3,1,1,5,4,2,4,5,3,4,2,2,3,2,5,4,2,4,1,4,3,5,2,5,4,2,5,3,1,1,3,1,3,4,3,1,4,3,3,4,2,1,2,4,4,5,5,4,5,3,2,4,3,1,1,5,5,3,1,4,2,5,3,5,3,1,5
131,3,3,5,2,4,1,5,5,2,1,5,2,4,3,4,4,4,4,3,1,1,2,2,5,4,4,3,4,3,5,2,2,5,5,4,2,1,5,2,2,3,2,5,4,2,1,5,4,4,5,4,1,2,5,2,2,4,5,2,3,1,4,5,5,4,2,4,5,3,2,4,5,5,5,3,2,4,2,5,3,3,5,2,2,3,1,3,3,4,3,1,3,2,4,4,3,4,4,3,1,3,2,5,1,3,1,5,4,4,5,4,1,4,5,5,5,2,1,5,1,2,1,3,2,2,4,5,2,1,3,1,1,3,4,5,2,5,4,3,5,1,2,2,4,4,3,4,5,2,3,4,1,2,3,2,5,4,4,4,1,5,1,5,5,5,4,4,4,1,3,5,1,4,4,3,4,5,2,4,3,2,5,5,5,3,2,5,4,2,5,2,4,1,5,4,3,5,1,4,4,2,5,1,3,2,5,1,2,1,1,2,2,5,2,5,1,2,5,5,3,5,5,3,4,2,3,5,5,2,1,3,4,2,2,3,5,5,4,3,2,3,1,2,4,4,2,5,2,2,1,2,3,3,4,5,4,1,2,4,2,4,2,4,3,1,4,3,5,4,2,1,3,3,1,4,2,5,4,1,4,4,1,1,5,1,1,1,3,1,1,1,5,4,1,1,5,4,5,2,2,2,1,5,1,2,4,4,5,4,2,5,5
132,2,2,2,2,5,4,2,3,5,1,4,5,2,3,1,4,2,5,5,4,3,2,4,4,5,4,1,1,2,4,5,2,3,5,3,2,1,5,5,2,5,5,2,4,2,5,2,5,3,3,1,2,2,3,3,3,1,1,4,2,1,5,2,4,3,4,2,3,4,4,2,1,5,4,5,2,2,1,3,5,4,3,5,5,3,3,1,4,4,4,3,1,2,1,3,1,3,5,5,2,5,2,4,3,4,4,2,3,2,1,4,3,4,1,1,3,3,1,4,5,4,5,2,3,1,2,4,5,3,5,4,4,1,2,3,1,5,2,3,5,3,3,2,5,1,1,1,3,4,2,1,2,3,2,1,1,3,3,5,3,4,4,1,3,4,4,5,3,5,2,5,2,2,3,2,2,5,3,3,2,5,5,5,5,1,2,2,2,3,3,5,3,4,2,2,1,1,4,1,5,5,2,5,1,4,5,2,2,1,5,1,2,4,5,4,5,2,5,2,3,2,2,5,4,2,5,2,1,1,1,1,4,2,1,5,1,3,3,4,3,5,1,3,3,4,3,1,2,1,3,3,3,4,5,1,3,2,4,5,3,1,2,4,1,1,4,1,2,2,1,3,1,3,1,5,2,1,2,4,5,3,4,5,4,2,5,4,3,5,5,4,1,3,3,4,2,2,1,1,4,2,3,2,4,2,5,4,5,4,3,4,4
133,4,4,1,5,4,4,1,2,1,1,1,4,1,1,1,4,3,3,2,4,1,1,1,3,1,1,3,1,2,5,2,4,2,2,3,4,2,5,2,1,3,1,4,4,3,2,4,5,3,1,5,3,5,3,1,2,3,4,1,1,5,4,5,1,3,4,1,4,3,2,5,5,1,1,3,1,1,1,4,4,2,4,5,2,1,5,2,2,5,2,5,2,2,2,5,2,4,4,4,4,4,1,2,3,1,5,1,3,1,2,4,2,1,3,5,2,3,5,4,2,2,4,4,1,5,3,4,1,5,5,2,1,1,2,3,4,2,4,1,2,3,4,4,4,1,4,5,4,1,2,4,4,2,5,1,2,1,2,3,5,3,2,2,1,2,1,1,2,1,5,3,2,1,1,1,1,5,2,2,5,5,5,2,4,3,5,5,2,2,3,1,2,3,2,2,2,4,4,5,4,3,2,4,2,1,5,4,2,1,5,5,1,4,4,2,3,2,2,2,1,5,5,3,4,2,1,1,2,1,1,2,3,1,5,5,5,2,5,4,1,3,5,2,3,2,3,3,1,3,4,4,4,2,1,2,5,4,1,4,1,2,2,4,3,1,5,3,2,1,3,5,3,5,2,1,2,1,3,2,1,5,1,2,2,3,5,1,2,1,4,5,5,4,5,4,1,4,3,4,1,5,3,4,1,3,3,3,4,1,1,1,2
134,5,1,2,2,3,5,3,5,3,4,5,2,2,5,3,4,4,1,5,4,3,3,2,4,4,3,2,4,3,2,2,3,2,2,1,2,4,2,4,3,2,3,5,2,3,5,4,4,4,4,4,1,3,5,5,2,3,1,1,3,4,4,3,5,4,2,1,4,5,4,4,1,2,2,5,3,3,3,5,4,2,2,4,2,2,3,3,1,1,2,3,1,1,3,1,4,4,3,3,1,2,5,4,4,3,2,3,1,2,1,4,3,3,5,2,4,5,5,3,2,3,2,5,1,4,5,3,4,5,2,3,5,2,2,2,4,3,2,5,2,3,4,2,5,3,2,4,1,5,2,2,1,3,1,3,2,1,2,1,2,2,2,4,1,4,2,5,3,1,1,3,4,3,5,2,3,3,2,1,5,3,3,1,5,2,2,4,5,5,3,4,2,5,5,1,2,1,4,5,4,1,2,5,2,4,3,2,2,2,5,4,4,5,2,2,3,2,1,2,3,1,3,3,4,5,3,2,4,1,5,4,3,4,2,2,2,5,4,4,3,1,2,1,1,2,2,3,5,2,1,3,4,3,2,2,5,3,2,1,1,3,5,3,5,1,2,4,2,1,1,2,2,1,2,4,4,3,4,1,1,3,5,3,5,5,2,4,5,2,3,3,5,2,1,4,5,1,4,1,2,5,1,1,1,5,2,2,1,2,4,2,1
135,4,5,3,2,4,3,5,3,5,1,1,5,3,2,3,3,2,3,3,4,5,1,5,3,2,2,1,1,1,2,3,1,1,2,3,1,3,4,1,1,2,4,4,4,5,2,2,1,2,1,1,5,2,2,5,5,2,2,1,3,1,4,4,3,5,4,5,5,1,5,3,1,3,5,4,5,3,2,2,4,3,4,1,5,1,2,5,1,2,1,5,1,5,1,4,1,1,4,2,5,3,2,5,1,2,1,2,2,3,4,2,1,3,2,4,1,3,5,4,5,5,3,3,3,5,1,3,4,3,3,3,5,1,3,5,4,1,5,2,4,4,2,5,5,4,5,2,5,4,5,1,2,2,3,5,2,5,1,4,4,3,3,2,2,2,1,3,3,4,3,3,1,2,1,5,4,4,4,2,2,2,4,4,4,5,5,4,2,2,5,5,4,4,2,3,2,2,4,3,3,4,1,4,5,3,4,2,2,2,4,1,5,2,4,1,3,3,5,4,4,2,1,5,1,5,4,4,5,1,3,3,2,2,1,4,1,5,3,2,1,1,5,4,4,3,2,4,4,4,1,4,5,3,4,2,1,5,3,1,5,1,3,3,4,2,4,1,4,3,3,3,4,5,4,4,4,4,3,2,4,4,2,4,2,3,5,4,5,4,1,1,3,5,5,2,2,4,2,2,5,1,5,2,4,1,2,2,4,4,2,2,5
136,3,4,4,5,1,1,1,4,3,3,5,1,1,2,5,5,4,4,5,3,5,3,4,5,3,2,2,5,1,5,4,4,2,3,2,3,5,1,4,5,2,5,1,3,1,2,1,4,1,5,3,4,4,4,2,2,5,3,1,5,2,5,3,5,4,1,2,2,3,3,3,2,4,1,3,2,4,3,3,1,1,5,3,5,2,1,4,3,3,5,1,5,3,1,3,1,3,4,5,1,5,1,1,1,3,2,3,2,3,2,1,1,2,2,5,1,3,5,2,3,4,4,4,3,2,3,5,5,4,2,5,1,1,4,4,4,5,2,4,3,4,5,2,4,1,4,4,2,3,4,4,5,2,5,4,4,1,5,2,4,1,1,3,2,1,2,4,3,2,3,2,2,5,3,2,5,5,3,4,3,2,4,3,3,3,3,4,2,5,3,5,5,5,3,3,3,3,1,2,1,4,1,1,1,2,5,4,4,2,1,5,3,2,5,2,2,3,5,1,5,5,1,3,5,1,2,2,1,2,5,1,5,4,3,3,3,1,4,3,5,3,4,5,5,1,1,2,4,5,4,3,3,2,5,5,2,3,5,4,5,3,5,5,1,5,2,2,4,5,4,3,3,1,1,5,5,4,4,5,5,1,1,1,5,4,2,2,4,4,4,1,3,5,1,2,5,4,2,4,4,4,5,2,2,4,1,3,1,5,3,1,2
137,1,4,5,1,1,3,4,3,5,5,4,3,4,3,2,4,5,3,2,5,3,2,5,5,2,5,3,3,5,1,2,1,3,5,4,4,1,1,1,3,3,5,3,5,5,1,4,1,3,2,3,4,3,4,2,2,5,3,5,1,1,1,1,1,3,5,5,4,1,2,4,4,3,4,2,5,4,3,1,2,1,4,5,3,2,5,2,3,3,4,2,4,2,2,1,4,2,2,3,1,3,4,4,2,5,3,4,2,2,3,2,1,5,3,3,3,2,2,3,3,1,4,1,3,2,2,3,4,5,5,1,4,5,4,2,2,4,3,5,5,2,1,5,2,2,4,4,4,1,5,1,1,4,2,3,2,2,2,2,1,4,4,2,3,5,2,2,3,1,2,3,1,1,2,1,2,2,4,5,5,4,2,3,1,4,4,4,4,5,2,4,4,4,3,3,1,2,4,1,1,2,3,2,1,2,3,1,2,4,4,2,2,3,1,2,1,4,1,5,3,3,1,3,1,1,4,1,3,5,2,3,5,3,5,3,2,4,4,2,3,5,1,3,2,4,4,3,5,2,2,5,5,3,3,4,4,5,1,1,1,2,3,5,4,1,4,3,5,1,1,5,4,3,3,3,4,4,1,4,2,5,4,3,4,1,5,5,3,5,2,5,3,5,4,1,4,2,2,1,1,1,1,5,4,2,5,1,3,3,4,2,2
138,4,1,1,2,2,2,1,3,4,4,5,5,3,2,3,5,5,4,3,1,5,4,2,3,5,1,5,1,3,1,1,4,3,5,2,3,3,2,5,4,5,2,5,3,4,1,5,1,4,1,5,2,3,3,1,3,3,2,1,2,2,4,1,2,5,3,1,4,2,5,3,3,5,1,3,3,3,2,2,3,4,3,1,4,1,5,5,2,2,2,5,1,4,2,5,2,3,4,1,2,3,3,4,5,5,2,2,5,1,1,3,4,1,2,1,4,2,4,5,4,4,4,2,4,4,3,2,4,1,4,1,5,5,2,2,5,2,1,1,3,2,2,3,4,1,4,3,2,4,2,3,5,2,4,4,3,4,1,2,1,3,1,1,2,2,5,1,2,1,1,3,3,1,3,2,1,3,2,1,1,3,2,1,1,5,1,5,5,2,4,5,2,3,5,4,3,5,5,4,1,4,2,2,4,4,4,4,4,5,3,2,2,3,4,3,4,2,1,2,2,1,3,5,4,4,2,1,2,2,3,4,5,1,5,1,4,3,5,1,2,4,3,2,3,1,2,3,4,5,5,2,4,4,3,2,4,3,4,2,4,4,4,5,1,2,5,1,4,4,5,3,2,1,4,2,4,4,4,2,5,2,2,3,3,5,3,5,4,4,2,4,3,1,2,5,4,2,2,2,4,5,2,2,2,4,3,5,2,2,2,4,3
139,2,2,4,5,5,3,5,2,4,2,2,3,5,5,5,2,4,4,2,1,2,5,2,1,2,5,3,4,1,3,4,3,2,2,4,4,2,2,4,4,4,5,5,2,5,1,2,1,3,1,3,1,3,3,2,4,4,2,3,4,4,1,5,2,5,3,1,4,1,2,3,1,1,1,4,3,4,1,4,4,2,5,5,2,2,4,4,3,5,4,3,5,3,3,2,1,1,1,3,4,1,4,5,1,3,2,3,4,5,3,2,2,5,1,3,3,2,4,3,2,4,1,1,2,2,1,2,5,3,5,4,2,2,4,3,1,5,3,1,1,2,4,2,4,2,5,2,5,3,3,2,3,1,5,4,5,2,3,3,1,3,2,2,4,5,5,5,4,4,4,1,4,3,1,3,5,2,5,4,2,5,1,4,5,2,3,5,1,2,5,3,4,4,4,2,3,3,5,4,2,4,4,5,5,5,1,1,2,2,5,3,2,1,1,4,5,3,5,1,3,2,4,1,4,5,3,5,4,1,4,1,4,5,4,2,5,4,4,3,5,3,5,1,5,5,4,2,5,3,2,5,2,1,2,1,2,2,3,3,4,2,1,2,5,1,5,4,5,4,4,4,5,4,4,3,2,4,1,1,3,5,5,5,4,5,5,2,4,4,1,1,2,3,4,1,5,4,4,4,1,2,1,5,5,3,1,1,3,3,4,4,5
140,2,5,1,2,4,3,3,5,1,1,3,5,5,4,4,4,2,5,5,4,3,4,2,3,5,2,2,3,4,4,1,3,4,2,4,4,2,3,1,4,4,4,3,2,2,2,2,2,2,4,4,2,2,3,3,5,4,2,4,5,3,5,1,3,4,3,5,2,5,5,2,4,4,3,5,3,2,1,4,2,4,3,1,5,4,5,3,4,3,5,3,3,3,2,2,4,3,3,3,2,5,3,1,4,2,5,1,3,2,3,4,2,1,5,5,4,5,5,4,1,2,2,4,3,4,4,4,4,5,5,1,4,2,3,5,2,5,1,3,5,3,3,2,5,3,4,3,3,5,4,3,5,5,3,1,1,2,1,1,5,5,3,3,5,3,5,1,3,1,2,3,5,5,2,5,1,5,2,4,4,1,4,5,2,1,4,5,5,3,3,2,1,4,4,5,4,2,3,5,1,5,4,2,1,5,4,5,1,4,3,1,3,3,4,5,5,2,1,1,4,4,2,2,3,2,5,3,2,5,5,3,3,5,4,3,1,4,1,2,3,3,5,3,1,4,2,4,1,2,5,3,3,5,1,5,1,2,4,4,5,3,5,3,5,5,4,3,4,3,2,2,2,1,4,4,2,5,4,3,4,4,3,2,2,3,4,4,2,1,2,3,1,1,3,5,2,4,2,3,4,5,3,2,1,3,3,2,5,2,2,5,5
141,3,1,2,1,5,5,2,3,2,3,4,3,2,2,3,1,3,4,4,1,4,2,1,1,1,3,3,1,4,2,2,3,5,1,5,2,3,3,3,3,3,1,5,2,2,3,3,3,4,2,3,5,4,1,4,4,4,5,2,3,5,5,3,4,1,4,4,2,4,1,5,4,5,2,1,3,3,2,1,5,2,4,5,4,4,5,4,3,5,2,3,2,1,2,5,2,1,4,5,3,3,2,3,1,3,2,3,4,4,3,5,3,4,4,1,2,1,5,2,3,3,5,4,3,1,4,3,4,2,3,3,4,2,1,2,1,5,2,1,4,1,5,1,2,1,2,5,1,1,5,1,2,3,3,2,1,2,5,2,3,4,5,1,2,5,3,1,2,2,1,4,4,5,2,5,1,5,2,4,4,1,3,5,1,4,2,2,3,3,4,3,3,2,5,2,2,4,4,5,1,3,3,2,2,5,3,2,2,4,1,5,1,1,5,3,2,5,2,4,1,4,1,3,5,3,1,4,1,3,3,4,4,3,1,1,5,3,5,3,5,2,1,1,2,4,2,1,3,5,1,2,3,1,2,1,2,2,1,3,1,1,3,1,5,5,5,2,4,1,4,5,3,5,1,4,4,2,3,5,3,1,2,5,1,3,2,5,3,5,2,2,3,5,4,1,2,5,3,3,2,2,4,3,5,1,1,4,5,1,1,5,5
142,2,1,1,4,2,2,1,3,3,5,2,1,1,1,4,3,4,1,1,2,2,3,5,1,2,3,4,1,5,3,5,1,3,2,5,4,4,5,1,1,1,4,4,2,1,4,4,1,1,4,5,4,2,3,1,2,5,3,4,1,4,2,1,4,1,2,4,3,5,4,1,4,1,2,5,1,4,2,3,4,5,2,4,1,1,1,4,5,1,4,4,5,2,2,4,2,3,5,4,2,2,5,1,2,5,1,4,1,2,4,4,1,4,1,1,1,5,2,4,3,2,3,1,4,2,3,3,3,2,5,1,4,3,2,3,2,5,3,3,4,2,2,5,3,4,1,4,4,4,4,3,4,2,2,4,2,3,1,4,2,2,3,3,1,5,5,5,1,4,5,5,2,2,4,3,1,5,1,2,1,2,1,2,1,5,5,4,1,3,4,1,3,5,5,5,3,2,1,4,4,5,2,1,1,4,4,4,1,4,1,5,2,4,1,5,3,5,2,5,4,4,3,1,5,3,4,1,1,2,4,1,2,2,4,1,1,5,1,2,3,4,3,1,2,3,4,5,3,5,1,1,4,5,5,4,3,4,1,5,2,2,1,5,5,4,3,4,2,5,3,4,3,2,3,5,3,3,4,3,3,2,3,4,4,5,2,1,5,3,2,5,4,2,2,3,2,2,1,3,2,2,1,1,4,3,1,2,1,5,4,4,3
143,4,3,5,2,5,3,3,3,2,3,5,2,5,2,3,2,1,5,1,1,3,3,1,2,3,5,1,5,5,5,1,4,3,5,1,4,1,3,1,2,2,5,1,1,5,5,4,1,3,3,3,5,5,5,3,4,2,1,2,1,5,3,2,5,1,2,2,2,2,2,5,1,1,4,3,2,1,3,3,5,2,4,3,5,2,1,4,2,5,5,5,5,5,4,3,3,1,3,5,3,3,5,4,5,3,3,1,5,1,1,2,1,3,3,2,2,5,2,4,3,3,2,2,3,2,5,2,2,5,5,5,3,2,5,5,3,4,2,4,4,5,3,2,2,2,4,1,3,1,4,5,1,1,3,4,3,5,2,4,5,5,1,3,1,1,2,3,2,5,2,5,1,2,3,2,5,4,3,5,4,3,4,1,1,2,2,2,2,4,3,3,2,1,5,2,2,1,5,4,4,5,5,4,2,2,1,5,2,2,1,5,1,1,4,1,5,2,2,4,5,2,1,3,3,3,3,1,2,4,1,2,5,2,2,2,1,2,2,5,5,3,1,2,3,3,1,3,3,1,4,3,5,3,1,1,4,4,5,5,3,4,5,3,2,3,5,3,2,5,3,5,3,1,5,5,5,5,3,4,3,2,1,3,3,5,2,5,5,4,1,4,5,1,3,2,4,2,5,1,3,1,2,2,3,3,1,4,1,2,1,5,1
144,1,5,2,3,1,4,3,4,1,4,3,4,4,3,3,3,3,5,1,3,2,4,3,3,1,3,5,2,2,3,1,3,4,2,4,5,2,2,5,4,3,1,4,5,5,5,2,3,2,2,2,5,4,1,1,3,3,5,1,4,5,3,5,3,1,5,2,3,2,3,2,1,1,4,4,4,5,3,5,4,3,5,1,3,4,1,3,5,4,5,1,1,1,3,4,1,5,4,5,5,1,4,2,3,2,3,4,1,4,2,5,3,3,2,1,4,2,4,1,5,4,1,2,5,5,5,3,1,4,2,5,5,5,1,2,1,2,4,3,2,1,1,1,3,2,2,2,2,5,5,1,5,2,2,5,4,1,3,1,1,1,5,1,2,1,2,5,5,1,2,2,2,2,3,5,2,3,3,5,4,1,5,4,1,1,1,3,2,1,2,1,3,1,5,4,1,4,4,3,4,3,1,2,3,4,4,1,3,1,3,2,5,1,4,1,3,1,2,3,4,4,3,2,1,5,4,2,2,2,1,2,2,3,3,2,2,3,1,3,3,3,3,5,4,1,1,2,5,2,1,1,2,4,2,4,4,3,1,3,1,3,4,3,5,3,3,3,5,1,3,1,2,4,2,5,5,1,1,3,2,1,1,1,4,1,4,5,3,2,1,4,1,1,4,1,2,5,3,1,4,2,1,5,5,4,1,1,1,5,1,1,1
145,1,4,5,3,4,1,3,2,3,4,5,4,5,5,5,2,3,4,4,5,2,2,1,2,5,5,3,5,3,2,1,4,5,2,5,3,2,4,3,2,4,3,4,2,3,1,5,1,4,2,5,2,4,2,3,3,4,2,4,5,2,3,1,3,2,2,2,2,5,1,3,5,4,2,3,4,1,3,5,4,3,5,2,3,2,4,4,4,2,2,5,3,5,2,3,4,5,5,5,2,3,4,2,4,1,1,4,1,3,3,2,4,2,3,3,3,5,1,2,2,3,5,2,2,5,3,5,1,2,1,2,1,2,3,4,5,2,5,2,4,3,3,5,4,5,3,1,5,2,3,2,4,3,3,5,5,2,5,1,3,4,3,2,5,3,5,2,5,4,2,3,3,4,1,5,3,4,5,2,4,2,2,2,5,1,2,3,5,5,2,3,4,5,2,2,1,1,4,4,4,4,2,2,2,3,4,3,5,5,2,5,2,4,3,2,1,1,4,3,2,4,3,1,2,3,5,2,5,4,3,3,3,3,2,5,5,4,4,3,1,1,3,5,4,2,1,4,1,5,5,3,3,1,1,4,3,5,4,4,2,5,4,2,3,5,3,2,5,1,1,1,4,1,4,4,2,1,5,4,2,4,5,5,1,4,5,3,5,5,4,5,2,5,3,5,1,4,3,2,5,5,2,5,1,3,5,2,2,3,1,3,5
146,1,1,2,1,5,5,5,4,1,1,5,2,1,4,1,3,4,2,4,4,1,4,5,4,1,5,2,3,4,5,5,2,2,3,3,1,3,3,5,4,4,3,1,1,4,2,5,3,5,3,3,4,5,5,2,2,5,2,2,3,4,3,2,3,3,1,3,3,4,5,1,1,1,1,4,5,4,1,5,4,5,4,5,4,1,1,1,4,5,5,2,3,1,1,1,2,2,2,1,5,1,2,2,3,4,3,3,1,4,4,1,5,1,5,5,4,1,1,4,3,1,2,2,1,5,4,5,2,2,4,2,3,2,5,5,3,5,5,5,1,3,3,2,3,4,3,4,5,4,1,5,4,5,1,5,5,3,2,4,2,1,1,5,2,4,4,5,4,3,2,1,4,4,4,5,1,2,4,3,5,2,4,2,5,3,4,3,5,3,5,3,2,2,5,2,3,3,4,5,2,5,2,4,3,3,1,5,2,1,5,2,4,5,2,3,5,2,3,3,1,2,1,1,4,1,1,4,4,5,1,3,4,2,5,5,1,3,4,2,1,3,1,1,5,2,2,2,2,4,4,2,3,4,4,3,2,1,4,1,1,3,2,1,2,5,2,3,3,5,3,2,2,2,3,2,4,5,4,2,3,5,4,2,3,2,4,4,5,3,1,2,3,1,3,2,2,5,4,4,4,5,4,3,4,4,2,5,5,4,1,2,4
147,1,3,2,5,1,4,1,5,3,1,4,1,3,1,3,3,2,2,4,4,4,3,3,2,3,2,1,4,4,5,2,5,4,5,1,5,1,4,3,2,5,1,4,4,3,4,4,3,4,1,5,5,1,5,4,5,5,4,5,4,3,3,5,3,5,3,5,2,1,3,4,1,5,1,4,4,5,3,3,2,4,2,4,2,3,4,3,1,3,4,1,2,5,4,5,5,1,2,3,1,2,3,3,2,3,4,4,1,3,3,2,4,5,1,4,2,1,5,1,4,5,2,1,4,2,5,1,3,4,4,3,2,4,2,5,3,2,5,1,4,3,1,1,1,2,4,3,4,4,4,5,5,5,5,4,4,3,3,3,3,3,5,4,3,2,3,3,4,5,1,4,5,2,1,5,5,4,5,3,5,1,5,2,3,1,1,4,4,3,1,2,5,5,5,4,1,1,2,4,2,1,5,4,4,4,5,4,3,4,5,4,3,3,4,1,1,2,3,1,2,1,4,3,1,4,2,4,2,1,5,4,5,3,5,3,1,1,4,5,3,3,5,1,1,3,4,1,2,3,5,5,3,3,1,3,3,2,5,1,4,1,5,4,3,2,2,5,5,2,4,4,1,3,4,3,5,4,4,4,1,5,2,1,1,4,1,2,1,1,4,5,2,4,1,2,3,1,5,1,5,3,4,4,4,2,5,1,2,2,1,3,4
148,3,3,4,3,2,1,2,2,5,4,4,2,4,5,1,3,4,2,4,2,3,4,3,2,5,5,1,2,2,2,5,5,5,4,4,5,3,4,4,4,4,1,4,3,1,4,2,1,4,3,5,4,2,3,1,3,4,2,3,3,5,5,4,1,1,2,4,1,3,4,3,2,4,2,5,2,5,4,3,3,3,2,4,4,5,4,3,4,5,4,4,3,4,2,5,5,5,4,2,5,1,3,1,1,5,1,1,2,3,4,5,5,1,4,4,4,5,5,2,5,5,2,5,1,1,2,2,1,4,5,3,3,2,3,4,3,1,2,3,5,2,4,1,3,1,4,3,2,2,5,4,3,1,1,3,4,4,1,3,3,1,3,3,2,2,5,5,4,2,2,2,2,4,1,4,1,5,2,1,4,1,3,5,5,2,2,4,1,3,5,1,3,1,2,5,3,2,4,4,2,3,3,5,2,4,2,1,3,1,4,3,4,4,4,5,4,4,1,1,1,3,5,3,5,5,2,2,2,5,5,3,5,4,4,5,4,5,2,5,2,1,4,1,4,1,5,1,4,3,4,3,5,4,1,5,4,5,3,5,1,4,3,5,2,3,3,1,1,5,2,3,5,2,5,3,5,1,1,4,2,3,2,1,3,4,1,1,2,5,2,1,2,5,4,3,1,2,1,3,2,4,3,5,5,1,5,2,5,4,2,1,1
149,5,5,1,2,3,1,4,2,3,3,2,1,3,4,2,5,1,2,4,3,1,1,2,2,4,5,2,2,2,4,3,5,4,2,3,2,4,1,2,3,5,1,2,2,3,1,1,1,2,1,2,2,1,4,5,5,4,1,2,3,4,5,5,2,5,5,2,1,5,1,3,1,2,2,2,5,4,5,1,3,3,3,3,4,3,5,3,2,1,5,4,5,2,3,3,4,1,3,4,3,5,4,4,4,3,4,5,1,1,2,5,5,4,2,5,5,5,3,5,3,5,1,3,3,4,5,2,2,2,2,1,2,4,2,4,3,5,2,4,4,5,3,2,4,2,1,4,3,5,4,1,5,3,2,2,4,5,1,1,3,5,5,2,3,3,3,5,2,3,2,3,5,2,4,3,5,2,1,5,5,1,1,4,4,4,5,5,5,4,2,5,5,5,4,3,4,3,4,2,2,5,4,3,3,2,5,3,4,5,4,4,2,4,1,5,1,4,4,2,2,2,2,3,2,4,4,5,1,3,3,5,5,2,5,3,1,1,3,2,1,1,2,1,4,3,1,1,2,1,2,3,4,5,3,1,4,5,5,1,5,5,3,3,5,2,1,2,2,5,1,2,3,3,1,2,4,4,1,1,4,2,2,5,1,2,4,4,3,2,5,5,1,3,4,4,1,5,5,4,1,2,3,5,5,5,2,2,3,5,4,5,3
150,3,4,2,4,3,4,5,3,2,2,4,4,4,5,2,3,3,2,4,1,4,2,5,4,3,5,2,1,4,5,5,3,4,1,5,3,4,4,1,3,1,5,2,2,1,1,2,5,1,5,5,3,5,4,2,2,1,1,3,3,4,1,2,4,1,4,5,5,4,1,5,5,4,5,2,5,4,5,5,3,4,4,3,3,2,5,1,1,3,4,4,2,1,4,2,2,3,1,2,2,2,1,3,5,4,1,1,1,5,4,4,2,2,3,1,3,1,4,3,4,2,4,5,3,1,4,3,1,3,3,5,4,5,2,3,4,2,2,5,2,1,1,1,2,3,4,1,1,1,5,5,1,1,5,4,3,4,3,2,2,4,5,1,2,5,5,3,2,4,5,4,4,2,4,4,1,4,1,2,4,5,4,1,5,2,3,3,1,2,2,4,3,4,2,1,1,5,1,3,5,3,4,4,1,5,3,3,2,1,4,2,4,4,3,4,5,4,5,4,2,3,2,3,2,1,4,4,1,1,5,2,4,5,4,1,5,5,5,2,5,4,2,4,5,5,4,3,5,5,2,4,5,4,2,4,4,2,5,4,3,5,2,1,3,5,2,3,5,1,5,1,1,4,2,4,1,2,2,2,3,5,1,2,3,3,1,4,3,1,3,1,2,4,3,3,3,5,5,2,3,4,5,1,1,1,2,3,3,5,1,2,4
151,3,3,2,5,2,5,3,5,5,5,5,1,1,1,1,2,4,5,2,1,5,4,5,3,3,2,4,2,5,4,2,5,1,5,2,4,4,1,2,1,3,5,3,3,1,1,5,1,1,1,1,1,3,3,5,4,5,2,5,5,1,1,1,4,1,2,3,2,4,1,5,3,4,2,1,4,4,5,5,5,2,5,4,4,4,3,3,2,5,4,5,4,3,4,2,1,4,2,3,3,1,5,5,4,3,2,1,5,4,4,3,2,2,5,4,3,2,4,2,1,2,2,4,2,2,1,2,2,4,3,1,2,3,4,1,4,3,1,2,3,4,1,3,3,4,4,2,2,3,4,3,5,4,5,5,4,2,3,1,1,4,2,2,2,1,5,1,2,1,1,3,4,5,3,4,2,3,4,3,1,1,3,3,5,2,1,3,4,2,4,2,4,1,3,3,5,3,1,2,2,3,4,3,2,5,2,4,4,5,4,3,3,2,1,3,3,5,3,2,5,3,2,5,1,2,3,5,1,2,1,2,3,2,3,2,5,2,2,4,4,2,4,3,4,2,1,1,2,2,1,5,4,5,3,1,1,5,3,5,3,2,2,1,2,5,3,1,2,1,1,3,5,5,4,5,2,4,4,4,4,5,4,2,2,1,2,1,2,4,3,4,5,1,3,2,4,1,1,2,1,2,2,4,1,5,5,4,4,2,5,1,5
152,4,4,2,1,4,1,5,2,5,4,4,1,4,1,3,4,5,5,1,3,4,2,2,5,4,2,1,4,5,3,1,1,4,3,1,3,5,1,2,5,5,1,2,3,2,5,1,2,2,5,3,2,2,4,5,4,5,5,4,3,3,5,4,2,5,5,1,3,4,2,2,5,2,2,5,3,1,3,3,1,5,3,4,4,1,4,5,2,5,1,2,4,3,4,5,5,1,3,3,2,2,5,1,5,3,3,5,3,2,3,2,4,1,1,3,1,4,3,2,4,4,1,2,5,4,1,4,2,2,3,5,5,1,5,2,5,1,4,5,5,2,2,4,3,5,2,3,5,5,3,2,4,5,1,1,1,4,5,2,2,4,5,3,3,5,5,2,4,4,2,1,3,5,3,3,4,2,1,1,2,3,2,2,5,5,3,4,1,5,3,2,5,2,2,5,3,1,3,4,4,1,4,2,4,5,2,3,1,5,5,1,4,1,1,4,3,1,4,5,1,1,3,3,5,3,5,1,4,3,5,3,3,2,1,3,4,2,5,5,4,4,1,4,5,1,4,4,5,1,2,2,1,4,4,1,2,3,5,1,3,5,3,3,5,3,2,1,2,2,5,5,5,3,3,1,3,1,2,1,1,5,3,4,4,5,2,2,2,1,3,2,4,1,2,2,3,3,1,4,5,4,3,3,5,4,4,5,3,1,4,2,4
153,4,4,3,2,4,1,2,5,1,5,4,3,4,4,5,4,1,3,5,2,4,5,4,4,5,1,2,4,1,4,4,1,4,2,5,1,3,4,5,2,2,3,2,5,3,1,3,1,2,5,4,3,2,5,4,3,5,2,3,3,1,1,3,5,2,4,1,2,3,2,2,2,3,1,4,5,1,4,3,4,3,4,1,3,2,3,3,4,3,4,1,3,2,2,1,2,4,3,5,3,3,5,2,2,3,2,4,4,5,3,4,1,2,3,4,5,4,1,4,3,5,5,1,3,1,1,1,4,2,4,3,1,1,2,5,1,4,1,3,2,5,3,4,3,1,2,1,2,4,3,2,3,2,1,2,2,5,4,1,1,3,2,2,2,1,5,3,2,5,4,1,4,1,3,4,3,3,3,4,4,4,2,3,2,1,4,5,1,3,3,2,4,4,1,1,1,5,5,3,3,3,4,3,2,1,4,5,1,3,5,5,5,1,4,1,2,3,4,4,3,2,5,3,5,3,1,2,2,3,2,5,2,2,2,4,3,1,1,4,4,1,5,1,1,3,1,1,2,4,1,1,5,1,3,5,1,3,4,1,4,1,5,5,3,2,3,1,4,4,1,2,2,2,1,5,5,1,5,2,5,1,5,5,5,5,1,3,5,3,1,4,3,1,4,5,1,2,4,2,5,5,3,5,3,4,2,4,2,1,4,1,2
154,3,4,4,3,3,5,5,2,4,3,3,1,5,1,3,4,4,1,5,2,4,2,5,1,5,3,5,1,1,5,1,3,2,5,1,2,3,5,1,2,3,4,1,3,2,5,2,5,3,3,2,2,5,1,2,1,1,1,3,3,1,1,3,5,4,2,1,3,1,1,1,1,5,2,2,3,5,5,2,3,5,3,2,1,5,3,1,2,4,5,5,3,2,2,5,5,3,3,4,1,3,1,5,4,4,4,2,5,2,2,4,2,5,5,2,5,1,2,4,4,5,5,4,1,4,2,4,3,1,1,4,3,2,4,2,3,4,4,2,4,3,4,5,3,1,2,3,1,1,3,1,1,5,4,5,4,1,4,5,2,2,4,2,3,2,4,1,5,2,4,5,3,1,5,5,4,3,2,3,1,2,3,1,5,5,5,5,2,5,2,2,3,5,4,5,4,5,2,5,5,5,5,3,3,2,2,4,2,3,2,4,4,3,2,4,2,2,3,3,2,5,5,1,1,1,3,2,4,2,2,1,2,1,2,4,5,5,3,4,2,4,2,4,4,5,4,3,2,1,4,1,5,1,3,3,5,3,2,3,4,3,2,5,3,2,4,1,1,5,5,1,1,5,1,3,2,5,2,4,4,3,4,5,3,3,5,1,2,5,1,1,4,3,3,4,4,3,5,5,5,5,4,2,2,3,2,5,4,5,1,4,1
155,1,3,1,2,2,1,3,1,4,4,4,4,1,5,5,4,3,3,1,5,1,2,4,2,2,3,5,4,1,4,1,1,5,2,1,5,2,2,4,4,4,3,2,3,4,5,4,1,5,5,2,3,1,5,3,3,1,1,4,4,5,5,5,4,5,5,4,4,5,5,3,2,4,2,4,3,2,3,1,2,2,2,1,1,3,1,4,5,2,3,3,3,3,2,3,2,3,3,5,4,1,1,1,4,2,1,1,1,2,4,4,2,5,3,2,3,4,3,1,3,3,4,5,3,4,1,3,3,1,2,5,1,1,1,2,1,2,5,2,5,5,5,4,5,2,4,1,1,3,5,3,5,5,2,2,1,4,1,5,4,3,5,2,1,1,3,1,1,4,5,4,4,1,5,1,1,4,2,2,4,4,1,5,1,1,3,1,5,1,4,5,4,3,3,5,2,2,5,5,4,3,5,1,4,3,4,3,1,3,4,3,4,5,1,4,2,2,3,5,5,2,3,5,5,3,4,2,5,4,4,4,4,1,1,3,2,3,1,3,3,4,5,1,1,3,5,3,2,1,4,4,4,1,1,4,1,4,2,2,2,3,3,5,5,5,2,2,2,1,1,2,4,5,3,5,4,1,2,1,1,4,1,1,5,5,4,2,5,1,3,5,3,2,1,5,2,4,2,4,4,5,3,4,1,5,4,5,1,5,5,4,2
156,5,4,1,1,2,1,4,2,4,2,2,4,2,4,1,1,5,3,3,1,5,3,4,4,2,3,4,3,2,1,5,2,2,2,5,4,3,1,1,5,1,5,5,3,3,5,3,4,2,1,1,1,1,4,4,2,5,3,2,1,3,2,1,2,1,1,4,1,2,3,4,3,5,3,5,5,4,3,1,4,4,1,3,4,5,1,2,4,5,3,3,1,5,1,4,1,2,1,1,4,5,2,1,4,4,4,5,1,3,2,3,5,1,3,3,3,2,1,4,1,3,1,4,2,1,1,2,2,3,3,2,4,3,4,2,1,2,2,5,2,3,1,4,5,3,1,4,1,3,1,2,1,2,3,5,2,1,1,1,3,4,1,1,2,5,1,3,4,4,4,3,4,4,2,4,2,2,2,3,1,5,4,5,1,2,2,2,2,4,1,1,1,5,2,3,1,5,4,2,5,3,3,4,1,1,5,5,1,1,5,2,3,3,4,3,5,2,5,1,1,3,2,4,5,4,4,4,4,5,1,5,1,1,5,5,5,1,5,2,3,3,2,3,1,5,5,5,2,2,1,2,5,1,1,5,4,5,1,4,5,5,4,4,3,4,2,4,1,4,5,2,4,2,3,2,5,3,4,2,3,4,4,2,2,3,2,4,5,3,5,5,4,5,1,3,4,2,4,2,4,1,3,5,4,3,3,3,3,3,5,5,4
157,2,4,3,2,4,2,5,3,2,1,3,5,5,4,1,2,4,5,2,5,5,1,3,2,1,5,5,1,2,5,2,1,5,4,4,5,3,5,5,5,1,5,5,1,5,4,4,5,1,5,5,2,3,1,3,2,3,5,4,1,1,5,3,1,2,2,3,2,4,5,1,5,3,5,1,1,3,1,2,5,4,4,4,3,4,5,1,2,4,4,4,2,5,4,1,3,2,5,1,2,2,3,3,5,4,3,5,2,4,1,2,5,1,2,3,5,1,3,1,4,4,5,1,4,2,2,4,4,5,5,2,3,1,3,5,3,5,3,2,5,2,3,4,4,1,4,1,3,1,1,1,2,1,5,3,2,5,3,2,3,4,3,4,4,3,4,2,4,1,2,2,2,1,1,1,1,1,5,5,1,2,4,4,5,1,3,4,4,2,4,5,1,1,4,3,5,4,5,3,5,5,5,1,3,1,2,4,1,5,2,3,3,1,5,5,3,5,4,1,1,5,3,4,4,4,2,5,4,5,3,3,3,2,3,5,1,1,5,1,4,1,2,3,1,1,2,2,1,4,1,4,3,5,3,1,1,4,2,4,2,2,2,2,1,5,5,3,3,3,4,3,3,3,1,3,5,1,2,4,1,1,5,3,2,5,5,1,2,5,4,4,5,1,4,1,3,3,1,5,3,3,4,5,1,3,5,3,4,5,2,4,1
158,5,3,5,1,5,3,4,4,3,2,2,4,1,5,3,1,5,4,3,1,5,4,4,5,2,2,5,5,5,4,3,4,4,2,5,4,4,5,3,2,1,4,3,1,5,1,5,3,1,2,3,1,4,1,1,2,3,4,3,3,4,4,2,5,2,4,1,1,3,3,5,5,5,5,1,4,5,2,5,1,3,2,5,1,3,5,1,1,4,1,5,1,2,1,1,2,5,3,4,3,5,5,2,3,1,2,2,4,2,3,5,4,1,3,1,2,3,4,4,1,5,4,1,5,3,4,4,1,4,1,4,1,4,3,3,1,3,1,1,2,3,2,2,4,1,5,2,4,3,5,1,4,5,1,1,5,4,5,2,1,3,5,5,1,1,5,3,1,1,2,4,2,3,4,5,3,3,2,4,3,4,5,4,2,2,3,4,2,1,2,5,1,4,3,1,2,3,3,3,3,4,4,4,2,4,3,1,1,1,1,1,5,1,1,1,2,5,1,4,2,5,4,4,2,4,3,2,2,3,2,4,4,4,3,4,3,3,3,2,5,3,4,3,1,2,4,2,2,1,3,4,5,2,5,5,3,5,4,3,5,3,4,2,1,3,1,2,4,2,1,4,5,5,3,5,1,5,3,4,5,3,5,5,1,3,3,2,2,3,1,5,4,5,4,1,2,3,1,4,3,4,5,5,5,3,2,2,4,2,2,4,4
159,4,3,4,3,3,3,4,2,2,4,2,4,3,5,1,4,3,5,3,1,2,2,3,1,3,2,3,5,1,2,3,1,3,2,1,2,5,5,4,1,5,4,1,2,3,3,2,5,3,2,4,4,2,1,5,5,2,3,5,5,4,4,4,5,5,5,3,3,3,1,5,5,2,2,1,2,3,1,1,1,4,2,5,4,3,4,3,5,5,2,4,5,3,5,2,3,1,2,2,1,5,2,1,1,2,4,2,4,5,1,3,2,3,5,2,3,5,4,5,2,2,2,5,2,5,1,1,1,3,1,1,5,5,2,2,2,5,5,1,4,5,4,5,5,3,4,3,1,3,3,1,4,2,5,4,1,3,2,3,5,1,2,4,4,1,1,3,2,5,1,2,1,1,4,2,4,4,2,4,3,5,5,3,1,4,5,2,1,5,4,5,4,1,3,4,4,1,1,2,1,5,4,3,1,4,3,2,5,2,1,5,2,4,1,2,5,5,3,5,5,1,5,3,5,3,4,3,1,2,2,4,1,4,4,5,5,1,2,3,5,1,1,2,1,1,2,5,2,4,5,4,1,4,2,2,3,1,2,5,2,5,1,3,3,4,2,1,4,1,1,4,1,4,2,4,2,3,4,3,4,1,3,5,5,5,3,2,4,1,1,3,5,1,1,2,1,1,4,1,4,5,2,1,2,2,2,3,4,2,5,1,2
160,2,1,5,2,2,5,2,5,2,1,5,1,1,2,5,3,1,1,1,2,2,1,2,2,2,4,5,2,4,4,2,4,3,4,5,4,2,1,3,4,3,5,4,4,3,4,4,1,3,2,2,5,1,3,3,1,1,5,2,3,1,3,2,3,3,1,1,1,2,4,2,1,5,3,3,3,3,5,1,4,3,4,2,2,3,1,5,3,2,2,4,5,3,1,4,5,4,1,2,3,3,1,3,3,4,1,4,3,5,5,4,2,2,1,5,5,4,3,1,4,2,3,1,3,2,4,4,5,4,5,4,1,2,3,2,2,5,5,1,3,4,4,2,1,3,4,2,1,3,2,2,1,1,1,1,3,1,1,1,3,4,2,5,2,3,1,3,4,5,4,1,3,3,1,1,5,4,1,1,4,1,5,5,4,2,5,3,3,2,5,1,2,1,3,2,5,3,5,1,5,2,1,2,1,2,3,2,3,4,5,1,5,3,3,3,2,5,3,4,3,5,3,3,1,3,5,1,1,3,3,4,5,5,2,2,5,3,1,4,3,1,5,3,4,2,1,3,4,3,5,1,5,5,2,5,4,1,2,3,5,3,2,3,4,2,1,1,1,1,2,2,2,5,2,2,2,1,4,1,4,4,4,1,5,3,5,1,4,3,5,2,5,1,3,2,3,3,5,4,5,2,1,5,4,4,5,2,4,4,2,2,2
161,2,5,5,3,3,3,4,2,5,5,2,3,4,5,1,4,4,3,2,1,3,2,1,5,1,3,1,1,1,5,2,1,4,3,4,2,3,2,3,4,4,5,2,4,3,1,1,1,5,4,2,2,5,3,4,4,3,3,4,4,1,2,1,1,2,5,5,5,5,3,1,3,3,2,5,4,5,1,3,1,3,3,3,4,5,3,2,3,5,5,4,3,2,4,4,3,3,4,4,4,1,4,5,2,2,3,4,2,2,5,5,1,1,2,3,2,3,2,5,4,2,1,3,3,2,3,1,5,4,4,3,2,3,1,2,5,1,5,2,5,1,1,3,2,4,4,5,4,4,1,1,1,4,5,2,3,5,1,5,2,1,2,3,5,3,4,5,4,2,4,2,3,1,3,4,2,4,1,5,5,5,4,5,2,1,3,2,1,3,5,3,4,4,5,5,2,2,4,1,2,1,4,2,1,1,2,5,3,5,3,1,2,4,2,5,3,2,3,5,5,2,4,4,3,2,1,5,3,5,3,2,3,3,1,3,4,3,3,2,3,1,2,5,4,4,5,3,1,1,1,1,3,5,5,4,5,1,3,2,2,1,4,2,1,3,2,1,2,3,5,5,3,3,5,3,3,3,5,5,2,5,2,5,4,2,3,4,5,5,4,1,3,2,4,2,5,1,1,2,5,1,3,5,4,4,4,3,5,2,2,5,3
162,5,2,5,4,5,1,5,2,2,2,4,2,1,5,3,2,5,4,5,2,2,2,1,5,3,1,3,2,3,3,1,1,5,3,1,5,3,3,2,1,4,1,2,5,1,3,4,5,1,5,3,4,3,4,5,1,4,3,4,5,5,5,1,5,1,2,4,3,1,1,3,4,5,4,1,5,2,3,4,5,3,4,1,1,1,2,1,1,1,5,3,2,4,2,3,1,1,4,2,2,4,2,2,2,4,4,3,2,3,5,5,2,1,5,1,3,2,3,3,4,2,4,3,1,2,2,5,1,1,3,3,3,5,1,4,1,4,2,4,2,3,1,3,1,4,1,4,1,2,4,3,3,3,3,2,2,5,5,5,5,1,4,3,1,2,3,4,4,2,3,5,3,3,4,2,3,1,1,2,5,3,3,4,3,5,3,3,4,1,1,5,2,2,4,3,4,1,5,2,3,2,1,3,1,2,2,1,3,1,3,4,4,3,1,3,2,1,3,2,5,2,3,1,1,4,3,2,2,3,2,5,4,1,2,5,3,2,3,5,5,1,3,4,1,3,3,5,5,3,5,3,3,1,1,4,1,2,2,5,2,1,4,3,4,1,1,1,5,2,1,3,2,2,5,4,2,2,1,3,1,3,2,3,1,1,4,5,4,2,3,1,1,1,1,2,5,4,4,1,1,3,1,4,3,3,1,3,5,1,5,1,5
163,1,4,1,4,2,2,1,4,4,3,3,5,3,1,3,3,1,1,5,4,3,2,4,1,3,5,2,4,3,1,4,2,1,2,3,4,5,3,3,5,5,1,2,3,1,1,3,2,5,3,2,5,4,3,3,2,1,1,2,3,3,3,4,1,4,3,1,3,3,2,1,3,5,5,3,2,3,5,1,2,3,5,1,5,2,4,3,1,2,2,4,4,3,3,2,3,3,4,2,5,5,1,4,1,2,5,5,5,1,3,1,5,4,4,1,1,2,1,1,5,3,5,3,5,5,2,3,5,5,3,2,3,2,2,4,2,4,1,2,3,4,1,1,2,3,2,5,1,5,5,4,5,1,1,3,2,3,3,2,1,4,5,4,5,2,2,3,2,5,4,4,4,4,3,4,5,3,3,3,2,3,5,4,2,4,1,2,5,2,3,2,3,4,2,2,5,1,2,4,3,4,5,2,1,1,2,1,4,3,2,3,1,5,3,5,4,5,3,3,2,5,4,2,2,4,2,4,1,2,3,1,2,4,1,1,3,2,2,4,1,3,4,4,3,2,3,2,5,1,3,4,2,1,1,3,4,3,4,5,3,2,3,3,5,5,3,4,5,5,4,1,5,5,4,4,3,3,1,1,1,2,4,5,4,4,1,4,2,5,1,3,5,3,3,4,5,2,4,3,5,4,5,1,2,2,2,3,3,2,5,1,3
164,4,4,3,2,5,1,4,3,5,2,1,1,4,4,3,1,2,2,3,1,4,2,5,3,2,5,5,2,3,5,5,1,1,1,5,5,3,4,1,4,1,1,3,3,2,1,1,1,3,1,2,5,2,5,3,4,3,4,5,4,5,4,5,4,5,2,1,2,3,4,5,2,2,5,4,3,3,3,5,2,3,2,3,3,4,5,4,2,2,5,3,5,3,1,1,5,1,1,2,3,1,4,2,3,2,4,3,5,5,2,5,3,4,4,5,1,1,1,5,5,5,3,1,2,3,3,5,5,3,5,1,3,3,3,5,3,2,2,1,3,3,5,4,4,3,1,2,3,3,1,1,4,3,3,5,2,5,5,2,3,4,2,1,3,2,2,2,4,5,5,2,2,5,4,3,5,2,4,4,2,1,4,5,1,3,5,2,1,5,4,2,1,4,2,2,1,1,1,5,2,3,4,1,2,4,3,4,3,1,5,3,1,4,4,4,5,2,3,2,4,5,1,5,2,4,3,5,2,2,1,3,2,3,4,5,2,4,1,3,4,3,3,2,3,4,1,2,5,1,4,2,3,1,2,5,5,5,2,1,3,1,3,1,1,2,5,5,5,5,1,5,1,3,4,4,3,1,5,2,1,1,3,3,2,5,4,5,5,1,2,1,3,4,2,2,5,1,5,5,2,4,3,5,4,5,4,1,3,2,1,5,5
165,3,3,3,5,5,2,3,4,2,4,1,3,2,2,1,1,1,2,5,4,4,1,5,5,1,3,2,3,5,1,2,4,5,2,2,3,4,3,3,3,3,5,4,3,5,5,2,2,1,5,1,5,3,3,1,3,3,2,3,2,4,5,2,2,2,5,5,5,3,2,5,4,5,1,1,2,2,2,3,1,1,2,1,1,3,4,2,4,4,3,1,2,5,4,4,3,4,4,4,3,1,4,2,4,4,2,3,5,2,5,1,1,4,4,3,5,1,1,4,4,3,4,4,3,4,4,4,5,1,2,1,5,2,1,3,5,3,3,1,2,4,4,5,3,5,1,3,4,1,1,5,5,2,4,4,5,4,4,1,3,3,2,3,4,1,3,4,4,5,5,3,5,4,4,5,1,5,1,5,4,4,5,2,1,2,4,1,5,1,1,3,1,4,2,2,5,3,2,2,1,4,4,5,4,2,1,4,3,3,3,4,1,4,2,4,3,3,1,5,3,3,5,4,3,1,4,4,3,4,4,1,4,3,3,5,2,5,1,1,3,2,5,2,3,4,3,3,2,1,4,4,1,2,2,1,5,2,1,5,3,4,1,2,4,5,4,1,3,5,5,5,4,3,1,1,4,1,1,3,4,4,5,1,2,3,3,2,5,2,2,5,2,5,1,5,4,4,2,4,5,1,5,3,2,1,2,3,4,3,4,2,2
166,2,5,1,5,3,1,2,2,2,4,3,5,3,4,4,3,4,1,2,5,4,5,2,3,2,5,1,3,4,1,2,5,5,5,2,3,4,1,2,5,4,5,2,5,2,5,2,5,4,4,5,5,2,2,2,3,5,5,5,5,2,2,3,2,5,5,1,2,1,5,2,5,1,1,4,4,2,2,2,2,2,2,2,1,1,1,5,3,5,2,3,1,1,4,2,2,4,5,4,2,1,4,3,1,5,1,5,1,2,5,5,4,1,5,5,1,1,3,4,5,1,5,3,3,5,4,2,5,3,4,1,4,4,5,4,1,5,3,1,5,5,2,1,4,1,1,2,4,2,2,2,1,2,3,4,4,2,1,5,5,1,2,2,3,5,5,4,2,1,2,2,3,1,3,3,3,3,2,4,2,3,3,4,5,1,3,3,2,3,3,1,2,5,3,3,5,4,5,5,2,5,2,5,3,3,4,5,1,5,1,5,2,3,1,1,5,3,4,1,3,3,1,2,2,5,5,3,1,2,3,2,1,2,4,5,2,1,1,4,1,4,3,2,1,5,2,4,2,2,1,5,3,5,4,5,5,4,5,3,2,3,2,2,5,2,4,3,2,5,5,5,1,3,5,4,5,1,3,2,3,2,2,5,4,4,5,1,2,4,3,1,5,1,4,5,4,2,1,2,3,2,1,3,4,3,1,5,3,4,3,2,5
167,1,5,2,5,2,3,1,2,2,3,2,1,4,5,2,5,5,4,2,1,2,5,3,4,1,1,5,1,5,1,1,5,4,1,2,3,5,1,4,2,5,2,3,4,5,5,1,2,5,2,3,1,3,1,1,2,1,3,3,3,2,2,4,5,4,4,1,1,4,5,4,2,3,4,1,5,1,2,1,1,5,5,1,1,4,2,4,5,4,4,1,1,2,3,3,4,2,2,5,1,5,3,2,3,1,1,1,3,2,5,2,2,4,2,5,4,2,4,2,1,1,2,4,5,1,4,5,4,2,1,1,1,2,5,5,1,5,1,5,1,5,4,1,1,3,1,5,4,4,5,2,1,4,5,4,4,5,3,4,4,2,3,2,5,1,5,3,5,3,2,4,5,5,4,5,5,1,1,4,2,5,5,2,5,2,4,4,2,2,3,1,1,5,5,2,2,1,5,1,4,1,1,2,5,4,1,1,2,3,5,5,5,1,1,1,3,1,5,5,2,3,4,1,4,1,3,3,5,3,4,4,3,4,1,2,5,2,4,5,2,2,4,5,5,2,5,5,1,4,4,1,2,3,2,1,5,1,4,5,2,5,4,1,2,3,3,1,2,2,5,1,5,1,4,1,5,2,1,2,4,3,3,5,1,4,4,2,5,4,1,4,3,5,2,1,3,4,5,5,1,2,3,2,1,1,3,5,5,3,2,3,5
168,2,4,2,5,1,2,2,1,5,4,4,3,4,4,2,3,4,2,3,2,1,5,5,5,4,5,5,3,3,3,4,5,4,4,4,4,4,4,5,3,2,2,2,1,3,5,4,2,3,5,2,3,5,3,4,3,3,1,4,3,4,3,4,5,2,1,2,3,3,5,3,4,2,3,5,1,2,5,5,2,5,1,1,3,4,3,4,2,5,3,5,3,3,1,4,2,5,3,5,1,2,4,4,3,2,4,2,5,1,2,2,4,3,3,5,4,4,1,3,4,5,1,3,3,3,1,5,5,4,4,3,2,4,5,3,5,3,1,4,1,4,5,5,2,5,3,2,3,2,3,2,4,4,2,1,2,1,3,2,1,2,4,4,2,2,5,4,3,2,5,2,4,1,1,4,3,5,2,2,2,5,5,4,5,2,2,5,5,4,1,5,1,3,1,5,2,2,5,4,5,5,4,4,3,3,3,4,1,5,3,1,5,1,2,2,5,1,1,4,3,5,1,3,5,1,2,1,2,2,4,4,3,5,3,4,3,5,5,1,3,4,1,3,5,4,3,5,5,3,3,4,1,5,1,1,5,3,5,1,4,5,4,3,3,4,4,5,3,4,2,5,5,2,3,4,4,3,2,2,2,5,4,1,5,5,4,3,4,3,4,5,2,5,5,1,5,5,5,1,3,1,2,3,1,2,2,4,4,5,3,1,5
169,3,4,1,2,2,5,5,1,2,5,2,4,5,3,5,4,1,2,1,5,3,1,3,5,3,3,4,1,5,4,3,4,4,3,5,2,4,1,3,2,4,3,3,4,1,3,3,4,2,3,3,4,3,4,1,4,2,3,1,3,3,4,3,1,5,3,4,2,3,4,3,5,5,1,5,4,5,4,3,1,1,5,2,5,2,5,4,4,2,1,2,3,1,2,3,3,5,2,4,5,1,4,3,1,5,3,3,3,4,5,5,4,5,3,3,3,5,2,1,2,4,2,2,4,2,1,5,4,2,3,3,4,3,1,2,1,1,5,2,4,3,5,1,3,2,1,1,2,4,5,2,3,3,1,5,4,4,3,4,3,5,1,3,5,3,2,3,5,4,3,1,5,4,5,3,2,2,1,1,4,2,3,5,5,2,2,5,4,5,1,3,2,2,4,1,5,1,1,4,4,5,5,3,1,5,4,3,3,4,5,4,5,4,4,2,5,1,2,2,2,2,1,2,1,1,2,3,1,2,4,4,5,1,1,4,1,1,4,2,4,3,4,4,2,4,4,2,4,2,3,2,1,1,2,4,5,5,3,3,5,5,2,5,1,3,3,1,3,5,3,1,3,5,2,5,3,4,3,3,1,4,1,1,5,2,3,4,3,1,2,1,3,5,3,1,4,4,4,4,4,2,2,5,4,1,1,3,4,1,5,1,5
170,4,3,3,2,4,1,3,5,5,1,1,4,1,1,1,3,4,1,1,5,3,1,3,4,4,2,5,2,3,5,1,5,5,4,2,4,4,2,4,5,3,1,1,4,2,5,4,5,5,1,3,3,2,3,4,1,1,5,4,4,5,5,1,4,3,3,1,3,3,4,4,2,4,2,4,5,4,2,3,4,3,3,4,4,5,2,4,3,3,4,2,3,5,3,2,1,5,5,1,5,5,5,3,3,4,4,3,5,2,1,4,5,4,2,5,3,2,4,5,5,1,1,1,3,5,5,4,3,1,5,1,2,3,1,3,5,2,4,2,3,2,5,3,3,5,1,4,2,4,4,5,1,4,3,1,5,4,5,2,5,3,5,1,2,3,2,3,2,4,5,1,1,4,2,5,4,2,5,2,1,5,1,1,5,4,2,5,1,2,5,4,5,5,3,2,5,1,1,3,1,5,2,3,3,4,4,2,2,3,5,5,4,2,2,5,4,5,5,3,2,3,3,5,4,5,4,2,1,2,5,4,1,4,4,1,1,2,3,1,3,3,3,3,1,4,1,1,5,5,2,3,3,5,4,2,4,5,4,3,5,4,2,2,1,5,5,5,3,3,5,4,3,5,3,1,2,1,5,2,4,5,4,4,3,3,2,2,3,2,1,5,1,5,3,1,4,1,2,1,3,3,2,5,2,5,3,3,5,1,1,2,3
171,1,3,2,4,3,4,3,5,4,5,5,2,2,1,4,1,4,2,2,2,4,2,1,5,4,5,1,3,2,1,3,4,1,4,5,5,4,5,5,2,4,4,3,2,1,2,1,4,2,3,5,1,5,4,4,4,5,4,4,5,4,1,2,1,4,4,4,4,5,2,5,5,4,1,1,3,2,3,5,3,3,3,2,1,1,3,2,1,4,1,1,2,2,1,4,4,3,3,1,1,1,4,5,3,3,5,1,3,4,5,4,1,3,4,5,1,3,3,1,1,1,4,2,3,4,5,3,2,5,3,2,1,2,3,2,3,3,2,2,5,5,4,3,5,4,3,4,5,4,2,4,1,1,4,1,4,4,4,1,3,4,4,2,2,5,1,3,4,4,1,5,5,2,1,5,5,3,2,2,2,5,4,5,5,1,2,2,3,2,5,1,3,5,5,3,5,5,1,1,1,2,3,1,5,2,3,1,1,3,1,3,3,5,3,4,1,5,2,4,3,2,2,2,2,5,5,2,4,1,1,5,4,4,3,5,4,4,1,4,4,2,1,1,2,1,3,3,5,1,1,3,5,5,3,3,2,5,5,2,3,2,2,4,5,3,4,4,4,3,2,3,5,5,2,3,2,2,3,5,3,5,1,1,1,4,5,5,3,5,3,4,3,1,3,3,3,5,2,2,2,5,1,2,2,4,4,1,3,3,4,4,1
172,1,5,3,5,2,1,3,3,5,4,4,1,4,2,3,4,1,2,5,5,2,1,5,3,3,1,1,3,1,2,1,3,4,1,5,2,2,2,5,5,2,2,2,1,5,3,1,3,1,1,3,2,3,4,5,4,1,3,2,2,4,4,1,5,1,2,3,4,2,1,5,3,5,1,1,2,3,1,2,1,2,5,2,5,4,1,4,3,4,2,2,3,3,1,2,3,4,2,3,1,5,2,2,2,2,5,5,1,2,3,4,2,5,1,2,1,3,3,3,3,4,1,2,4,2,5,4,4,5,4,1,3,2,5,3,4,1,4,5,4,1,4,4,4,4,1,2,3,5,2,1,5,5,4,3,3,1,2,4,3,4,2,5,2,5,2,4,2,3,3,1,3,3,5,4,4,5,3,2,5,4,1,4,2,4,5,1,4,5,5,5,1,5,1,2,2,2,5,1,2,3,2,5,3,4,3,4,3,1,3,2,4,4,2,1,3,1,2,3,2,4,4,4,5,5,4,5,5,2,3,4,5,2,2,3,2,1,1,4,3,1,3,4,2,2,2,1,3,1,5,3,4,1,2,2,2,1,1,2,2,2,5,1,2,4,2,1,4,1,1,1,3,4,5,5,3,1,5,4,2,4,1,4,1,4,3,4,5,2,3,4,1,3,5,2,2,4,5,5,2,2,5,2,1,2,1,2,3,3,3,1,1
173,4,4,2,1,3,3,3,2,1,2,5,5,4,1,3,1,4,3,2,3,5,2,3,2,5,5,1,5,5,5,4,5,1,2,4,2,2,1,4,3,5,2,2,1,1,1,4,5,4,1,1,2,4,4,5,4,5,3,5,1,3,2,2,2,1,2,5,1,4,1,1,4,5,3,4,1,2,4,4,3,1,2,2,3,2,5,4,4,2,2,2,4,2,5,5,4,1,1,1,5,3,1,3,4,5,1,5,4,5,2,1,5,5,5,4,1,1,2,2,5,1,1,5,3,1,5,5,3,2,5,1,2,2,2,5,1,3,4,4,2,4,4,5,3,4,3,4,2,2,3,3,3,3,1,2,4,1,3,4,2,3,5,3,4,2,3,2,1,5,1,5,1,2,2,1,4,1,3,4,2,1,4,3,5,2,4,4,4,1,2,2,1,1,1,3,4,3,2,1,4,5,4,5,4,1,5,5,2,4,3,3,2,2,2,1,1,1,1,2,2,1,1,5,4,5,4,1,1,1,5,2,4,5,1,2,5,4,1,4,1,1,3,4,2,1,2,5,1,1,1,2,3,4,1,4,4,4,2,4,5,2,2,5,3,3,1,3,1,4,1,3,1,2,3,1,3,5,3,5,1,5,3,2,5,3,2,4,5,5,1,4,1,1,3,1,5,1,2,5,3,1,2,2,5,1,2,1,5,4,2,3,1
174,5,5,3,4,1,4,5,2,4,2,3,5,2,1,5,3,1,5,4,5,1,2,2,5,5,3,4,3,3,2,2,1,3,1,5,1,2,3,2,5,4,3,2,4,5,4,2,2,5,5,4,4,2,5,1,5,3,3,5,4,3,2,2,2,5,3,4,2,4,2,5,2,5,3,3,4,2,3,1,1,4,3,5,1,3,5,2,3,2,1,2,1,4,4,1,5,4,5,5,5,3,3,5,1,4,2,3,3,2,5,2,5,3,2,1,4,4,4,2,5,3,4,2,4,5,1,1,3,1,1,2,2,3,3,2,1,5,1,1,5,3,2,3,3,3,2,3,3,4,1,4,2,5,5,4,4,4,1,2,3,4,1,5,5,5,4,5,5,5,3,5,1,4,3,3,4,5,5,2,5,1,5,4,5,4,3,2,3,4,2,3,5,5,2,3,1,1,1,3,3,3,4,1,1,1,4,4,3,1,1,5,5,5,4,3,2,1,5,1,1,1,3,1,3,2,2,4,1,5,4,4,2,5,1,1,2,3,2,5,3,5,1,3,5,1,5,3,1,5,4,3,3,3,1,3,5,4,5,5,3,4,4,4,4,2,4,3,4,5,2,5,3,3,4,3,2,5,3,3,2,1,1,2,3,2,2,1,4,3,5,2,1,4,3,2,1,2,5,3,3,3,3,1,5,2,1,4,3,3,2,3,3
175,2,5,1,5,2,3,3,5,4,1,3,2,5,1,4,3,5,3,5,4,2,2,1,3,3,3,2,1,2,5,3,5,4,5,5,5,2,5,3,1,4,3,1,3,5,4,3,4,2,2,5,5,2,3,1,1,2,1,3,1,1,2,4,4,3,4,5,2,4,1,4,2,1,1,2,3,3,2,2,2,1,1,2,1,5,2,1,3,2,2,2,4,2,3,1,2,5,1,3,4,3,4,1,4,1,3,3,4,5,3,4,2,1,2,2,2,4,3,2,4,3,1,3,3,2,4,5,1,4,2,4,5,1,3,1,5,1,1,2,3,5,2,1,1,4,2,5,5,5,5,1,1,2,3,5,1,2,5,3,5,4,5,4,3,4,3,2,4,5,5,2,1,3,1,1,2,2,4,4,4,4,4,5,2,3,3,3,3,3,5,2,4,4,4,2,2,5,5,4,2,4,5,4,5,1,3,1,4,4,2,3,5,4,5,5,5,1,5,2,1,1,4,3,3,4,3,5,2,5,3,3,2,1,1,2,1,3,1,3,4,5,1,4,1,4,2,4,3,2,2,3,1,2,1,5,4,4,3,3,4,5,3,5,3,2,1,4,1,4,3,1,5,3,2,1,1,2,4,3,2,5,3,2,2,1,1,1,3,4,3,1,1,3,2,2,1,1,4,2,4,1,1,4,4,1,5,1,2,1,3,1,5
176,2,1,4,2,2,5,4,3,1,3,4,2,5,5,2,5,3,2,1,1,4,2,3,2,2,3,5,3,2,2,2,2,4,5,2,4,2,5,5,3,4,5,1,2,5,4,4,4,3,2,1,4,2,4,4,1,2,4,3,4,2,5,4,3,3,4,2,4,3,4,3,5,4,1,4,3,2,3,5,2,1,1,5,5,5,5,4,3,4,2,1,1,2,1,5,5,5,2,3,2,3,1,1,1,3,1,2,3,5,3,2,2,2,1,5,5,4,2,1,3,1,2,1,2,3,3,5,4,1,4,1,5,5,3,3,3,1,4,4,3,5,4,5,3,1,2,4,3,3,4,2,1,4,1,3,4,1,5,5,5,1,5,3,1,3,2,1,5,5,2,4,2,5,5,4,2,3,2,3,5,5,2,5,4,1,3,5,3,2,4,3,5,1,4,2,5,4,5,2,2,1,4,1,1,1,3,2,1,3,3,3,1,3,1,4,2,5,1,2,1,4,2,2,3,1,1,5,3,3,5,3,3,4,2,5,4,4,4,3,5,3,3,4,1,5,5,4,4,2,4,3,4,5,1,1,3,1,4,1,4,2,5,3,2,1,3,4,2,5,5,2,2,2,1,5,5,1,3,5,3,3,3,5,4,3,4,1,4,4,2,3,5,2,4,1,5,1,4,1,2,1,2,3,5,1,2,4,4,2,5,3,3
177,5,1,2,3,5,3,3,1,3,2,5,1,1,5,2,3,3,2,4,5,2,3,5,5,3,2,4,5,5,5,2,5,3,3,1,5,4,1,5,5,2,2,3,1,1,1,3,4,4,4,1,5,1,5,2,3,4,1,1,2,5,4,3,5,5,4,3,4,4,1,3,5,4,2,3,2,5,3,1,3,5,1,5,3,5,3,1,3,5,5,5,2,2,2,4,3,2,5,5,2,2,5,2,4,4,4,1,4,5,1,5,5,2,3,4,3,3,2,3,4,1,5,4,2,1,2,4,5,3,3,2,1,5,2,5,2,1,4,3,5,5,1,5,4,4,1,2,2,5,5,1,4,1,2,4,5,2,3,2,4,4,1,4,3,3,4,5,4,5,4,2,4,2,5,4,5,3,1,5,2,1,4,2,1,1,5,4,4,4,5,5,4,1,4,5,4,5,4,1,1,5,5,2,3,2,5,5,4,2,3,2,1,1,2,2,5,4,1,3,4,2,1,2,1,3,4,3,3,4,4,3,2,4,3,3,3,2,5,5,4,5,1,4,4,3,1,5,4,1,2,2,3,1,4,2,2,5,5,1,5,1,4,4,4,5,5,3,2,4,5,2,4,4,2,2,5,2,2,5,4,2,3,1,2,2,1,3,4,3,1,2,4,3,3,4,3,1,4,1,4,1,2,2,3,4,4,1,3,3,4,2,4
178,4,5,1,1,5,3,1,3,2,3,1,3,2,5,1,2,4,5,5,1,2,4,2,3,1,3,3,5,5,3,2,1,1,2,3,1,5,4,5,2,4,1,1,4,1,4,3,2,5,4,4,3,5,3,3,2,1,5,3,1,1,1,1,2,2,3,1,3,4,2,2,5,4,2,1,1,1,3,2,3,2,5,3,2,5,2,4,3,1,5,5,1,5,1,1,2,3,4,5,2,4,4,5,5,2,5,4,5,2,2,2,5,3,2,3,1,2,3,3,4,3,4,3,3,1,3,5,5,5,1,3,1,3,4,1,5,5,5,3,3,1,2,3,2,2,3,1,2,1,1,3,2,1,2,1,3,1,3,3,2,2,2,4,2,2,1,4,4,1,2,5,3,4,1,5,3,5,2,1,3,3,2,2,2,1,4,5,1,1,5,3,5,2,3,1,5,1,1,5,1,4,4,1,3,3,3,3,4,3,5,3,5,4,5,5,1,5,1,3,5,5,2,3,5,5,2,1,3,2,3,3,1,1,4,2,2,3,4,4,3,1,4,2,1,5,4,3,2,4,3,2,4,2,5,2,3,4,3,5,1,2,3,4,4,1,4,5,1,5,2,5,2,5,1,2,5,5,4,5,4,5,3,4,1,1,2,1,2,1,4,3,2,3,5,5,3,4,3,3,3,2,2,3,4,5,5,5,1,4,2,5,2
179,2,2,2,3,2,1,2,5,2,5,2,4,3,5,1,2,5,3,2,3,1,5,1,3,4,4,5,2,1,4,4,2,1,3,4,5,5,3,2,2,4,4,4,3,3,4,2,1,4,2,2,5,1,4,1,4,1,1,2,1,1,4,2,1,2,2,3,4,3,2,1,4,5,4,3,4,1,4,5,3,3,2,3,5,5,3,4,5,3,3,4,3,1,2,5,4,4,2,1,2,3,4,3,4,4,3,2,5,5,2,1,2,2,2,5,4,1,1,1,3,2,4,4,3,5,3,3,2,5,3,4,2,5,4,1,2,4,3,3,2,5,3,4,1,5,2,3,5,1,5,5,2,1,1,5,3,5,4,3,2,1,3,2,5,2,4,2,3,1,3,3,1,4,3,1,1,3,1,5,3,4,5,4,3,2,1,5,3,1,2,4,3,3,2,4,3,1,2,3,4,5,3,4,2,4,4,2,5,1,5,1,1,1,3,5,4,3,2,2,1,3,3,2,4,5,5,1,1,1,2,2,5,1,3,4,2,1,1,2,5,5,5,5,3,1,5,5,4,4,1,2,5,3,4,5,2,3,4,2,2,3,3,4,3,5,3,2,3,4,5,3,5,3,5,3,3,1,2,4,4,1,3,2,5,1,4,4,4,3,5,5,5,3,4,4,3,2,3,3,4,5,4,2,1,1,3,1,5,4,2,2,2
180,4,5,2,1,5,5,5,2,5,2,1,1,1,1,5,5,2,1,3,1,4,3,4,3,2,5,2,3,1,2,3,1,5,3,4,4,4,1,1,2,1,3,4,5,4,3,5,2,1,3,1,2,5,3,5,3,2,2,2,1,4,5,3,5,4,1,1,4,3,4,1,1,5,3,3,1,4,1,5,4,1,3,5,1,1,2,4,2,3,4,5,4,1,1,1,4,1,1,2,1,2,3,4,2,4,4,5,2,1,5,2,2,3,1,3,4,1,3,3,1,2,4,5,5,5,4,1,1,1,5,2,3,5,4,1,3,1,1,1,2,3,5,2,4,4,5,3,5,2,3,4,3,3,3,5,1,2,3,3,5,2,2,4,2,2,3,1,3,5,2,1,3,4,5,5,5,3,1,1,2,1,4,5,3,5,5,4,5,5,4,4,1,5,2,2,2,4,5,1,5,2,3,2,4,5,4,1,5,5,5,3,5,3,5,2,1,5,4,2,4,4,3,1,4,2,1,2,4,1,5,4,4,3,2,5,1,4,4,5,4,2,1,5,5,3,1,5,4,1,2,5,2,5,4,3,4,2,1,2,3,5,5,2,1,5,5,3,3,1,5,4,2,5,2,5,3,1,4,3,1,3,2,5,3,1,5,2,2,4,5,2,3,2,2,2,4,1,2,1,5,1,5,4,5,5,3,4,2,4,3,5,4
181,3,2,5,4,4,5,4,5,3,5,2,5,4,5,5,5,2,2,4,4,5,1,3,5,3,2,4,1,4,2,5,2,1,5,5,1,4,5,4,3,1,3,5,1,5,1,4,2,2,1,3,1,4,3,1,1,5,4,4,2,5,3,2,4,1,5,4,4,5,4,2,5,4,4,5,1,3,5,1,4,2,4,4,1,5,3,3,5,5,2,5,2,5,2,5,5,3,4,4,2,1,3,5,3,1,3,1,1,1,1,1,5,3,4,4,5,2,1,3,1,1,4,1,3,3,4,5,4,4,1,2,5,5,5,1,4,1,3,2,2,1,4,5,3,3,2,4,5,2,4,5,1,4,3,4,4,4,5,5,1,1,5,5,2,4,4,3,5,5,1,1,4,4,5,4,5,3,3,2,1,2,3,4,1,1,2,1,3,4,2,4,2,5,1,5,1,5,4,3,2,1,2,3,5,4,2,5,1,2,2,1,3,5,2,5,4,5,5,1,5,3,5,4,5,1,4,1,3,3,1,3,1,2,5,2,3,1,1,1,1,5,4,2,3,1,2,4,2,3,1,3,1,4,3,2,4,3,1,4,1,5,2,1,3,5,4,3,4,5,3,1,3,2,1,2,3,3,4,3,1,2,5,2,4,5,5,3,4,4,3,1,3,4,5,1,4,4,3,2,4,2,1,5,2,2,2,2,2,1,4,5,4
182,1,1,2,1,1,2,1,1,1,3,4,3,4,2,2,4,4,5,4,4,2,2,1,1,2,1,3,3,1,1,4,4,3,3,4,4,4,1,2,3,5,4,1,3,4,1,3,3,5,5,3,1,4,4,3,4,5,4,2,5,5,3,3,4,4,3,1,4,1,5,2,1,4,3,3,2,2,5,1,2,5,5,5,4,2,3,5,3,4,1,4,4,2,5,4,5,3,1,1,3,2,3,3,2,2,4,5,1,2,2,4,4,5,2,2,4,3,5,2,1,1,4,1,4,3,4,2,1,2,1,1,4,5,1,1,5,2,1,4,5,5,1,2,2,3,3,4,1,2,3,1,1,2,1,5,3,4,3,1,5,3,2,5,3,1,2,1,1,2,5,3,5,2,3,2,4,4,5,2,3,5,4,4,4,5,3,4,5,5,1,1,3,4,1,3,1,4,5,4,1,4,5,2,5,1,5,3,4,2,2,4,4,3,5,2,1,4,4,2,4,2,1,1,2,4,3,3,5,3,4,3,5,1,2,3,2,2,1,5,4,4,4,5,5,5,3,2,5,5,3,2,4,1,5,5,1,5,5,5,1,3,3,1,3,4,4,1,2,5,2,5,3,3,4,2,1,5,3,5,1,5,4,1,1,5,5,3,5,1,5,3,2,4,1,3,4,5,5,2,5,4,3,2,4,3,4,5,4,2,4,1,5
183,4,3,5,3,2,1,4,5,4,4,5,1,1,2,5,5,3,3,3,1,2,2,4,2,3,5,4,1,2,5,3,1,1,2,5,3,3,3,3,2,2,5,4,2,3,5,3,2,5,3,4,1,1,3,1,4,4,3,4,1,3,1,4,4,5,2,2,3,1,2,3,4,2,1,5,5,2,5,3,1,4,1,4,5,3,4,5,4,2,1,3,5,3,1,4,4,3,4,4,4,2,5,5,1,4,3,4,1,4,2,1,5,5,2,5,2,5,5,4,1,5,1,1,5,1,2,3,2,5,2,3,2,1,5,1,1,5,5,4,3,1,1,5,5,2,1,1,5,1,3,4,5,5,1,4,4,5,5,5,3,1,3,5,4,1,1,5,5,5,5,5,5,1,3,4,5,4,1,4,1,2,3,2,1,2,1,2,1,3,3,3,1,4,2,2,2,2,3,4,2,4,1,1,2,5,3,2,3,2,3,5,5,1,2,5,5,2,2,1,5,3,2,2,2,2,5,3,1,4,5,5,4,4,2,3,5,5,1,4,4,5,4,2,1,5,1,2,1,4,5,1,3,5,1,5,1,1,4,1,3,4,3,3,2,3,1,5,4,4,4,5,3,2,1,4,1,3,2,4,3,2,4,3,1,5,4,2,2,5,5,3,5,4,5,4,1,5,1,2,5,2,1,2,1,3,1,3,2,1,3,1,4
184,4,2,4,5,3,5,4,2,5,2,1,5,1,5,3,2,1,4,5,1,5,5,5,1,1,5,4,2,5,4,2,5,2,5,1,5,5,5,5,4,3,4,4,1,5,4,2,5,1,1,2,1,5,3,3,4,1,5,2,2,5,5,2,1,4,4,4,5,2,2,2,2,2,3,5,5,3,4,1,5,5,3,5,5,4,3,5,2,3,4,1,5,2,2,1,3,4,5,5,5,2,3,1,3,4,4,1,2,1,4,2,3,4,2,2,5,3,2,1,3,3,4,3,3,5,3,2,1,5,5,5,5,4,5,4,4,3,1,3,4,3,2,5,5,4,3,2,2,2,4,3,2,2,3,3,5,1,1,2,3,5,4,1,1,3,4,1,5,1,3,3,4,1,4,1,2,1,3,3,2,1,1,3,2,3,2,3,5,1,4,5,3,2,4,2,2,1,3,1,2,1,5,2,2,5,2,4,4,3,3,1,1,5,5,2,3,3,3,3,1,4,5,5,3,3,1,1,5,3,3,5,1,5,1,1,1,3,5,1,4,1,1,1,2,4,3,5,5,5,3,1,4,5,2,2,4,5,1,5,1,5,2,3,4,1,3,1,4,3,3,4,4,1,3,4,1,5,4,3,5,4,2,3,3,1,2,4,2,4,1,5,2,3,4,2,4,2,3,4,4,5,1,2,3,5,5,1,3,2,4,1,4
185,5,4,2,2,4,4,1,2,4,3,1,1,1,1,4,5,3,5,5,4,1,1,4,4,2,1,3,2,5,1,4,4,4,1,3,4,1,5,2,1,1,4,2,2,4,3,1,4,3,4,5,3,3,2,1,4,4,1,1,2,1,5,2,3,1,3,2,5,5,1,5,4,2,5,2,2,4,1,2,4,5,3,1,3,4,2,4,1,1,5,4,1,4,5,5,4,1,2,2,5,1,5,5,5,5,4,4,1,1,3,2,4,1,5,4,2,4,2,3,1,2,3,4,1,2,2,1,4,4,5,4,1,3,1,2,5,5,3,2,4,4,4,1,4,2,5,1,4,2,3,2,5,2,2,1,5,4,5,3,5,1,4,5,4,1,2,3,5,4,5,1,2,1,4,5,4,1,5,4,5,3,1,1,3,2,4,2,5,4,4,4,3,1,3,3,3,2,3,1,4,2,3,3,4,4,2,1,2,4,1,3,3,5,4,5,2,2,1,4,1,1,2,2,4,2,4,5,3,5,2,3,3,1,3,4,2,2,1,1,2,1,3,3,4,1,2,5,2,5,5,4,5,3,3,4,2,2,2,2,3,3,4,4,4,2,2,3,3,1,1,2,3,2,5,1,4,2,5,4,5,3,3,3,4,4,3,4,3,2,3,1,2,3,1,3,2,3,4,3,2,5,3,4,2,1,5,3,2,4,4,2,4
186,5,1,4,4,1,5,5,5,4,4,5,4,3,4,5,2,5,2,4,4,2,5,1,1,5,4,2,2,5,5,3,2,3,4,2,5,5,4,1,3,5,2,2,2,4,1,3,2,2,5,1,5,4,4,3,4,3,5,2,2,1,4,1,1,2,4,2,1,4,2,3,3,5,5,4,5,4,1,3,4,1,3,2,1,2,5,4,3,5,1,5,2,2,4,5,3,2,1,5,3,3,3,3,2,4,5,2,4,3,1,3,4,4,1,2,1,3,5,2,5,5,2,3,4,3,4,4,2,2,1,5,5,5,5,1,4,1,2,3,4,4,1,2,2,4,1,5,4,5,3,2,4,3,5,4,3,4,3,3,5,2,1,3,2,1,5,4,2,4,4,1,2,3,1,2,3,4,5,5,1,3,3,5,3,2,2,5,4,4,4,5,1,3,2,2,1,3,4,2,4,4,5,5,3,2,5,3,1,4,2,2,3,5,4,4,2,2,4,1,3,1,5,1,1,5,3,4,1,3,5,3,1,4,5,5,1,3,4,5,1,1,2,2,3,1,3,3,4,2,3,4,4,2,2,1,3,4,1,3,3,1,4,1,3,1,1,3,2,4,3,2,1,2,3,3,1,3,5,2,5,5,2,3,2,1,5,5,3,2,4,3,3,3,2,3,1,1,5,5,2,4,5,5,5,5,3,5,2,3,3,2,4
187,5,1,4,5,1,3,3,3,5,2,3,3,3,5,1,4,3,4,2,2,2,3,4,1,5,4,5,4,3,1,3,2,1,4,3,5,3,3,4,4,2,1,3,5,4,4,2,1,2,4,5,2,3,4,4,2,5,2,5,4,2,1,2,2,1,1,3,1,5,3,5,3,3,5,4,4,2,4,2,4,2,2,1,2,5,5,2,5,4,5,1,5,4,4,2,3,4,2,2,5,5,2,1,2,5,4,1,3,4,5,4,4,5,4,2,1,5,1,2,5,2,3,3,3,1,3,3,2,4,4,3,4,3,3,1,5,4,3,4,1,1,3,4,4,4,1,2,2,4,4,5,3,1,5,4,2,2,5,2,2,3,4,5,1,1,4,1,2,3,5,5,2,4,3,1,5,5,4,3,1,5,5,1,3,3,3,5,2,5,4,4,5,5,1,3,1,4,4,2,3,3,4,1,5,3,5,4,2,4,5,4,3,5,5,2,3,1,2,3,1,5,2,5,5,5,3,1,3,5,2,5,1,3,1,3,1,1,3,3,3,4,1,4,4,5,4,4,3,3,2,1,4,4,1,3,3,1,1,3,1,3,1,3,2,3,3,4,3,1,5,1,4,1,2,5,5,4,5,3,4,2,5,5,4,5,5,2,2,4,5,1,4,2,1,5,4,4,2,3,3,3,4,2,2,3,1,3,4,1,2,5,1
188,2,1,3,1,1,1,4,4,3,5,4,5,4,2,2,1,5,1,1,4,4,1,4,2,2,5,2,1,3,4,1,4,5,1,1,1,5,1,4,3,1,5,5,1,5,2,5,3,2,4,2,3,2,1,5,1,1,1,2,4,5,2,1,3,3,1,4,5,2,4,3,1,2,4,4,4,2,5,2,1,2,4,5,5,1,1,3,3,3,2,5,1,3,1,3,2,2,4,1,4,2,2,1,4,4,4,1,1,1,5,2,5,5,2,3,3,3,1,1,4,4,5,4,1,5,4,4,3,1,5,2,4,1,5,1,1,5,3,3,4,3,4,4,5,1,2,2,3,5,2,1,4,4,5,3,1,3,3,5,4,3,3,1,4,3,2,2,4,4,5,3,2,2,4,4,1,1,4,1,4,4,5,1,3,3,5,3,3,5,2,5,5,1,3,3,2,5,4,2,2,3,3,3,3,2,5,3,1,2,4,4,5,2,2,2,1,1,3,4,1,4,2,1,4,1,2,2,2,3,4,3,5,5,1,1,1,3,2,1,1,5,2,3,2,5,3,4,1,3,5,2,3,5,3,1,2,2,3,5,1,1,3,4,3,1,2,3,3,2,3,5,2,2,2,1,3,4,3,3,1,5,5,1,1,1,3,1,4,2,5,4,5,3,3,1,5,3,3,5,3,1,3,4,4,1,4,3,4,4,3,5,1
189,5,5,4,2,5,3,3,3,2,2,1,2,1,3,2,4,4,4,2,2,2,4,3,5,3,2,5,5,3,4,1,4,4,5,2,2,5,4,3,1,4,4,1,3,1,5,1,1,4,4,2,1,5,2,1,4,5,3,2,4,3,1,5,4,4,5,4,4,1,2,3,5,3,5,5,4,1,5,3,2,3,1,2,4,3,3,5,5,2,4,5,3,2,5,5,1,2,2,4,5,2,4,5,3,1,4,1,3,2,5,2,1,2,2,4,4,3,4,4,4,4,3,4,4,1,4,3,3,2,4,5,2,3,2,5,1,5,2,4,1,5,4,5,3,4,3,1,1,1,1,3,3,2,2,3,1,2,4,3,4,1,3,2,2,4,3,1,5,5,1,2,5,1,4,2,1,4,3,5,5,5,1,3,1,1,3,4,2,5,3,4,3,2,3,3,4,5,5,4,4,1,1,2,1,1,3,3,4,5,2,1,3,5,1,5,3,4,1,1,2,1,3,5,5,4,4,3,5,4,4,2,2,3,3,3,3,5,1,3,2,1,1,5,4,1,5,5,5,3,4,3,2,4,3,4,2,3,4,2,5,4,2,5,2,1,2,3,3,3,3,1,1,1,5,4,3,4,3,3,3,1,5,3,3,3,2,3,1,1,4,1,4,5,2,1,3,5,3,4,4,2,5,4,3,1,1,5,5,4,1,2,2
190,2,2,4,3,2,4,2,2,3,2,4,4,1,5,2,2,4,2,4,1,2,1,1,5,4,1,4,5,4,5,2,5,5,5,3,1,4,4,3,2,1,1,1,1,3,4,2,2,2,3,3,5,3,1,4,2,3,4,1,3,3,4,1,3,4,1,3,3,2,5,1,4,2,3,4,2,2,5,2,1,5,5,3,3,1,4,1,5,3,1,3,1,1,2,1,3,1,4,2,1,4,3,4,2,3,1,1,4,1,3,3,1,4,1,5,1,2,1,5,2,4,2,3,5,3,3,2,2,3,4,1,1,5,2,1,4,5,2,1,3,4,4,2,4,2,4,1,2,4,1,1,1,2,2,4,3,3,5,3,3,4,2,3,5,4,1,1,5,2,1,2,3,3,3,1,1,2,2,5,3,4,4,3,5,2,1,5,5,3,2,4,4,4,5,1,2,1,4,1,5,3,1,1,1,4,1,2,5,2,2,4,1,5,5,5,1,5,5,3,3,5,2,1,2,2,1,1,4,4,4,5,5,5,4,1,5,1,4,1,5,1,4,5,5,4,2,3,4,1,2,4,3,5,3,3,4,5,5,3,4,5,5,1,3,2,3,4,5,5,1,5,5,2,3,5,4,2,2,1,4,2,3,4,3,1,1,5,3,3,1,3,4,5,5,4,2,3,2,2,3,1,3,1,4,1,2,2,2,1,2,5,3
191,2,1,2,1,3,1,3,2,5,2,3,4,4,4,2,1,5,5,2,3,2,4,3,5,2,1,1,5,3,4,1,1,2,5,1,2,3,1,5,2,3,2,4,5,5,1,2,3,1,5,2,3,5,3,2,3,1,1,2,5,4,4,4,5,1,1,1,2,1,1,1,4,3,1,3,1,4,4,3,4,2,5,5,1,4,5,3,3,3,1,5,5,5,3,3,1,2,5,1,3,2,4,2,1,2,3,2,3,2,1,4,5,2,4,2,4,3,4,5,4,5,5,4,5,5,3,1,3,1,1,3,5,3,5,3,3,2,4,3,4,5,2,2,1,4,2,5,1,2,5,4,5,5,5,3,2,5,1,3,5,5,2,3,5,5,4,1,1,2,3,5,3,2,4,2,1,4,5,2,3,3,1,1,1,1,5,4,1,2,5,4,5,3,5,5,3,3,3,5,3,1,2,2,3,4,5,2,1,4,4,1,5,5,3,1,1,1,3,2,5,3,3,3,1,3,2,4,3,2,1,4,5,5,1,1,5,1,5,1,5,2,1,5,1,5,5,4,1,2,3,3,1,5,5,2,1,3,2,1,1,1,4,2,1,2,3,1,5,1,1,2,2,4,1,3,2,4,5,5,4,5,1,2,3,5,1,2,1,1,2,5,5,1,4,5,1,3,3,4,1,3,5,1,4,4,5,3,3,4,2,4,4
192,1,5,1,4,1,3,4,3,3,5,3,1,1,2,5,2,3,4,1,4,2,2,1,2,4,2,4,3,5,1,2,1,2,3,4,1,3,3,5,3,5,3,4,3,4,2,3,3,2,5,4,2,2,1,2,5,5,5,4,4,3,2,5,2,3,3,5,2,3,1,4,2,5,3,3,3,4,2,3,4,1,2,5,2,3,5,2,5,2,1,1,1,2,5,1,4,4,1,1,3,4,4,1,3,5,3,3,4,1,1,1,3,3,2,5,2,5,2,2,2,2,3,5,2,2,1,3,4,1,4,2,5,4,4,4,5,1,3,5,1,2,1,4,1,1,2,2,1,5,2,4,5,1,4,4,5,1,4,2,2,5,2,3,1,4,4,5,5,4,2,5,3,5,2,1,3,5,1,1,4,2,4,2,1,5,2,2,1,3,1,1,2,1,4,1,5,1,1,5,3,3,3,4,5,4,4,4,5,2,2,3,4,3,4,3,1,5,4,4,4,5,1,2,5,1,3,4,4,2,3,1,3,3,2,1,2,1,5,5,4,2,5,3,3,5,2,4,3,4,3,1,5,2,3,5,4,2,2,5,5,5,1,1,2,5,1,2,3,5,1,2,5,2,3,2,2,3,4,5,3,3,5,2,1,5,3,2,4,2,1,2,1,4,4,2,5,5,5,4,1,3,2,1,3,4,3,4,4,1,5,5,1
193,2,4,2,4,4,5,5,4,5,5,3,3,4,5,3,2,4,4,2,4,5,3,1,3,2,1,5,5,3,4,4,2,4,5,1,3,3,3,4,1,4,4,5,5,4,2,2,2,4,1,2,5,3,3,4,3,4,3,1,1,1,1,2,5,1,2,4,3,3,2,3,1,3,1,1,3,2,4,2,5,5,1,1,2,2,1,4,4,5,4,3,1,2,1,3,4,1,3,4,5,5,5,3,3,2,2,5,1,4,2,4,1,5,4,5,4,1,2,3,5,2,4,2,3,5,5,2,1,4,2,1,5,4,5,3,1,3,3,3,1,4,5,4,4,4,5,5,1,2,5,5,2,5,4,5,1,5,2,4,2,5,5,1,4,5,1,1,2,4,3,1,3,2,1,4,3,4,3,2,1,1,2,5,3,3,5,2,4,4,2,4,2,3,3,5,2,4,2,1,5,1,5,5,5,1,5,2,2,1,3,3,1,5,5,5,1,5,2,5,1,5,2,1,3,1,4,3,3,1,4,3,5,4,4,1,1,1,4,2,1,2,3,5,5,2,4,5,2,1,2,3,2,1,2,1,1,3,3,5,1,1,1,5,4,3,3,1,5,1,3,5,2,3,2,4,2,5,2,4,3,4,5,2,2,5,1,5,5,4,4,5,3,2,5,1,2,3,5,3,2,1,2,2,5,2,5,5,3,1,5,4,3
194,5,5,3,2,5,1,5,3,4,3,3,1,2,1,1,5,4,3,1,1,2,2,4,3,1,5,2,1,5,1,4,4,5,2,4,2,5,5,1,5,1,2,1,2,4,2,3,1,4,2,5,1,2,4,5,1,4,5,3,5,1,3,2,3,3,3,5,3,3,2,3,5,4,4,5,5,3,5,3,1,2,2,2,1,2,3,4,2,2,3,3,2,5,1,4,4,1,2,2,2,2,2,4,2,3,5,2,3,4,3,1,1,3,2,2,2,3,1,1,4,1,1,5,1,3,2,3,2,2,4,1,4,2,5,5,4,4,1,4,4,3,4,4,3,2,2,3,1,4,1,5,1,4,2,4,4,4,1,2,2,1,1,1,5,5,4,5,1,1,1,2,2,5,3,3,1,2,4,5,2,1,1,3,1,1,4,5,4,3,2,3,1,5,1,5,5,5,2,3,2,2,2,4,4,4,2,1,4,4,2,3,1,5,5,1,2,3,3,5,3,5,4,2,3,2,4,1,1,1,5,5,1,4,5,1,2,1,1,2,5,2,5,4,5,3,5,3,5,2,5,1,5,2,2,5,5,5,4,3,5,5,3,1,4,4,1,3,3,2,3,4,2,5,5,5,2,4,3,2,4,3,1,4,1,5,5,4,1,2,3,5,5,5,5,4,4,1,2,1,2,4,5,1,2,3,2,1,4,5,3,1,4
195,2,4,4,5,1,4,2,2,5,4,2,2,5,4,5,4,2,1,2,1,4,4,3,4,4,3,1,4,5,4,4,2,4,4,5,3,3,3,2,4,1,1,5,2,2,4,1,2,5,1,2,4,4,4,4,1,1,2,5,3,3,4,2,3,3,3,3,3,2,3,3,2,1,1,1,3,2,1,4,4,2,3,1,3,1,5,5,3,4,3,1,3,3,1,4,5,1,3,2,3,3,2,3,2,3,4,5,4,1,1,3,1,1,3,3,5,2,3,5,4,1,2,4,3,4,5,3,3,2,5,1,4,2,2,3,4,2,3,3,5,3,1,5,5,1,1,2,2,1,2,1,1,3,2,5,5,2,2,2,2,3,1,2,2,1,1,1,4,5,2,3,3,1,3,5,2,3,5,5,4,4,3,5,1,4,5,4,2,5,5,2,4,2,3,1,4,5,3,4,1,5,2,1,4,5,4,1,5,1,4,5,5,5,4,3,4,2,3,4,2,1,2,5,3,4,4,5,3,3,5,3,5,2,5,4,1,2,4,2,4,3,5,4,4,3,1,1,5,3,2,4,5,1,2,3,4,4,1,1,5,4,4,4,4,2,3,2,3,2,5,3,4,3,4,5,3,1,4,3,2,3,4,1,1,2,5,1,5,4,3,5,4,4,4,2,2,5,4,5,1,5,3,4,5,2,3,5,5,5,2,5,1
196,1,1,5,3,2,1,1,3,1,2,3,4,2,2,5,4,4,3,1,4,3,4,2,4,1,3,1,5,1,1,3,2,4,4,3,3,2,2,5,4,4,5,3,4,1,3,3,2,5,3,2,1,1,4,5,5,2,4,5,4,2,4,3,3,3,3,1,1,5,1,4,4,1,4,5,2,1,3,4,4,2,5,4,3,2,4,3,4,3,2,5,1,1,5,4,2,3,2,5,4,4,5,2,1,2,4,4,5,2,1,2,4,2,4,4,3,1,5,1,2,3,4,1,4,4,3,1,3,4,1,4,4,1,5,3,2,4,3,3,1,1,1,3,1,2,3,1,4,3,5,5,3,3,5,4,4,4,2,2,4,5,2,1,2,5,5,3,5,4,5,2,2,2,5,4,4,3,1,4,2,3,4,4,1,1,1,4,4,2,5,1,2,2,3,2,1,5,2,4,4,2,1,5,5,1,4,4,3,2,2,4,2,1,5,3,1,1,1,2,5,3,4,1,1,1,4,2,2,5,2,2,3,3,2,3,5,2,3,4,3,3,4,5,4,5,4,5,5,1,1,3,4,5,1,3,3,3,1,2,3,2,2,2,3,5,2,1,1,2,2,2,1,4,5,4,1,1,3,4,2,2,1,3,4,3,5,3,5,4,2,5,2,3,3,4,2,4,5,3,3,3,3,3,5,5,4,1,3,3,1,4,5
197,3,4,1,5,5,4,2,2,2,1,2,4,5,4,4,3,1,5,3,1,5,3,2,4,2,5,3,3,3,4,3,1,1,1,2,5,2,2,4,2,4,1,1,2,2,1,3,1,3,1,5,4,4,5,3,2,2,4,2,3,2,1,5,4,2,3,2,5,1,4,4,3,1,2,2,3,1,3,5,5,2,5,3,4,5,3,4,4,5,1,5,5,1,5,3,1,3,4,1,4,2,2,3,4,4,1,2,3,3,1,1,3,1,4,3,5,2,2,5,5,4,3,1,2,5,3,1,2,3,2,4,2,4,4,4,1,1,4,3,4,3,2,1,3,3,3,5,1,5,2,3,1,1,1,3,4,4,4,5,3,2,5,1,4,1,5,4,3,4,4,4,5,4,5,1,3,4,5,4,4,4,2,3,3,5,1,1,1,4,5,4,2,5,5,5,2,5,2,1,5,4,3,2,1,1,3,5,4,3,5,5,2,4,4,2,5,5,4,4,4,4,5,4,5,2,1,2,2,3,2,3,3,3,2,1,3,4,4,5,4,4,3,2,4,2,1,4,1,1,5,2,2,5,3,5,5,5,1,2,3,4,4,4,3,4,3,4,4,3,2,3,3,5,1,1,2,2,2,1,2,2,3,3,1,3,2,3,5,3,1,2,2,1,3,2,2,5,1,3,3,2,4,5,5,5,2,1,1,5,4,4,3
198,4,5,3,5,1,5,3,5,2,3,4,1,4,5,4,3,2,4,5,4,4,3,5,5,2,3,3,1,2,2,5,5,2,3,1,5,1,2,3,1,4,2,3,2,2,1,1,4,5,4,3,3,2,1,2,5,2,3,3,4,2,1,5,5,1,5,1,1,4,2,3,3,2,5,1,3,4,5,4,3,2,2,4,5,3,1,2,4,3,5,1,1,2,1,3,2,2,2,3,4,1,1,4,2,5,3,2,2,2,1,1,5,3,2,1,4,1,2,2,1,4,4,2,1,3,3,2,4,3,1,5,5,4,5,1,2,2,1,2,1,1,5,5,4,5,2,5,1,5,2,4,3,1,2,2,3,4,1,4,3,1,5,4,5,1,3,5,5,2,1,3,2,4,3,2,4,3,2,3,5,2,5,2,5,1,5,1,3,4,4,4,1,4,4,5,4,1,5,1,2,4,1,1,5,2,2,4,3,3,5,4,5,4,2,3,1,3,4,3,1,2,2,4,3,4,3,5,4,3,5,4,2,5,4,1,2,5,3,1,3,1,4,4,3,3,3,5,2,3,4,4,3,3,4,5,1,4,1,3,2,3,3,3,4,4,2,1,1,1,3,2,3,2,5,4,3,5,1,5,4,4,4,5,1,3,1,2,2,3,4,3,5,4,3,3,5,5,1,2,3,1,4,4,2,4,2,4,4,3,5,3,1
199,5,3,5,5,5,4,5,4,5,4,5,1,3,5,1,3,2,5,2,3,3,5,1,5,1,5,1,4,1,1,3,2,5,3,2,3,3,5,4,3,5,1,2,5,4,5,5,1,2,2,4,2,1,4,1,1,5,5,5,3,1,2,4,3,5,3,3,1,1,2,4,4,5,2,4,3,3,4,3,3,5,3,4,1,3,4,3,2,5,1,3,4,1,3,2,4,5,3,4,3,5,2,5,5,5,1,4,3,2,3,1,2,1,3,2,3,4,1,4,4,3,3,5,5,2,3,1,3,3,4,4,5,2,2,3,1,4,1,4,3,2,3,4,2,1,1,5,1,5,2,3,3,2,2,4,1,1,1,5,1,4,3,3,5,4,2,3,4,2,5,1,4,3,5,4,5,2,4,1,2,1,5,1,2,2,2,5,3,5,2,5,4,4,3,5,5,4,2,1,2,3,1,2,5,5,4,5,5,3,1,2,2,3,1,5,3,5,2,3,3,3,2,2,4,2,2,5,2,1,5,4,1,4,3,3,3,2,2,5,1,1,3,3,2,4,1,1,4,1,1,2,1,3,3,5,2,2,3,2,2,5,4,1,5,4,1,3,4,1,5,1,2,1,3,5,4,1,5,3,4,1,3,2,5,5,1,3,4,4,4,4,1,1,5,3,2,1,4,2,5,4,3,2,5,1,3,4,2,5,2,3,1
200,1,3,4,2,4,5,4,3,1,3,3,2,3,5,2,2,4,3,4,4,2,4,4,2,2,1,3,1,2,5,4,4,2,4,1,4,5,3,1,3,3,5,5,5,5,1,5,1,4,3,4,4,2,4,4,2,4,2,1,3,5,4,1,3,1,2,1,4,4,5,5,4,1,4,1,4,3,1,2,2,5,3,2,4,2,4,3,5,2,5,3,1,3,3,3,1,1,3,1,4,3,2,4,3,2,2,5,5,2,3,3,3,3,2,1,1,3,5,2,1,2,5,2,5,5,4,5,4,5,5,2,4,1,1,2,1,1,5,3,3,1,2,2,4,2,2,5,5,1,2,3,2,2,1,3,1,2,3,2,1,1,5,3,5,3,4,3,2,3,5,1,1,3,4,1,1,1,4,5,3,4,3,2,3,1,4,4,5,2,5,5,2,1,4,3,2,5,3,2,2,1,1,4,4,3,4,2,2,2,2,1,2,2,2,5,3,3,2,2,3,4,5,5,4,2,3,5,4,4,1,4,1,1,5,2,2,4,3,3,1,4,4,2,3,5,4,4,2,5,5,5,5,3,1,5,1,1,2,5,3,2,2,1,4,3,5,5,3,5,4,4,5,2,5,5,3,4,2,3,3,2,2,3,5,2,1,2,3,1,3,4,4,5,2,3,1,2,5,3,3,4,5,3,4,4,1,5,5,3,1,2,3
201,4,2,2,3,1,5,1,3,5,2,4,1,5,1,5,4,3,3,5,5,3,2,2,2,4,5,1,1,5,3,5,2,2,1,5,1,3,4,4,3,2,2,2,1,1,4,2,2,3,4,1,4,2,2,1,1,4,5,2,2,5,4,3,3,2,3,4,3,1,4,5,2,4,3,4,5,4,5,5,4,2,2,3,4,4,1,2,5,1,4,1,2,4,2,1,3,5,5,3,3,3,2,4,3,2,1,1,3,1,3,1,1,4,4,1,4,3,5,3,4,2,1,4,4,4,3,1,5,4,2,1,5,2,5,5,1,3,2,4,5,2,1,2,4,4,1,2,3,3,5,5,2,5,4,1,5,3,4,3,5,5,4,3,1,1,4,5,4,3,1,5,3,1,1,2,5,4,2,1,5,5,2,3,3,4,5,2,1,3,2,4,4,5,4,4,3,3,4,5,3,3,4,5,4,1,1,5,1,5,1,2,3,4,5,1,2,1,2,4,3,3,2,1,3,1,5,1,5,5,3,5,1,4,1,2,2,1,2,4,2,3,4,3,3,4,3,2,1,4,1,4,4,3,1,2,1,4,2,3,2,2,1,4,4,4,5,3,1,4,2,5,3,4,5,3,2,5,1,3,5,5,3,5,5,3,2,1,3,4,5,1,1,3,4,4,2,4,3,1,1,4,5,2,4,3,2,4,2,5,3,4,1
202,3,5,5,1,3,4,1,4,2,4,2,4,2,3,5,3,1,3,3,5,3,1,3,3,3,3,5,5,1,1,1,3,4,3,4,1,3,1,5,1,3,5,5,4,2,5,2,1,1,5,4,1,2,5,5,4,5,3,2,3,3,2,5,5,3,2,1,2,3,2,2,1,4,4,1,2,3,1,4,4,1,2,5,3,5,3,5,5,3,3,4,2,2,4,5,3,1,5,2,3,4,5,1,5,4,1,5,4,5,3,5,4,2,4,5,3,2,4,2,3,1,2,4,3,4,3,4,3,5,4,3,1,3,1,2,3,2,2,5,3,5,5,2,4,2,2,1,4,2,4,1,4,3,1,4,5,4,1,5,4,4,1,5,5,4,3,1,1,2,5,5,2,4,4,1,4,3,3,3,2,3,2,1,1,3,2,3,4,2,2,2,2,4,3,1,5,5,2,2,1,5,2,4,5,4,1,1,5,3,5,4,3,4,4,4,2,3,2,2,4,1,5,1,4,5,5,4,2,5,5,5,5,3,2,3,3,4,2,1,2,1,5,1,1,1,5,5,3,1,2,4,3,1,3,1,1,3,1,1,4,2,5,4,5,5,2,4,1,2,1,1,1,1,4,5,5,4,5,2,1,1,1,3,2,3,4,3,5,5,2,3,3,1,2,1,2,2,3,1,4,1,4,5,2,1,2,1,5,1,5,2,3
203,4,2,3,2,2,1,5,5,1,1,2,5,2,3,3,1,5,3,5,5,4,3,3,2,2,5,1,2,2,5,3,2,1,5,3,4,1,3,5,4,1,2,2,1,2,5,1,1,2,1,4,1,2,2,2,2,5,2,4,1,3,3,5,3,2,3,4,2,3,2,5,4,1,2,4,5,5,4,3,4,3,3,4,5,1,1,4,2,4,1,4,5,1,1,1,5,1,2,1,4,2,3,1,3,3,5,4,4,3,5,2,1,2,1,3,5,5,4,4,2,4,1,5,5,3,3,2,3,1,4,4,2,4,5,4,3,5,3,3,2,2,5,4,1,4,5,1,3,3,1,3,4,2,4,3,2,4,3,4,3,5,1,3,4,3,3,4,4,2,3,5,1,3,4,2,3,5,4,5,5,1,1,3,1,3,3,4,4,2,1,2,5,3,3,4,5,3,3,5,5,3,5,1,5,2,2,3,3,4,5,2,4,3,1,5,4,1,3,2,4,4,3,3,2,2,2,1,1,3,4,1,3,1,2,3,2,5,4,2,4,3,5,4,1,3,5,1,1,5,2,5,5,5,4,2,3,1,4,2,5,4,4,1,3,2,2,2,5,5,4,3,1,1,3,2,3,1,5,3,4,5,4,4,3,4,2,3,1,2,5,3,1,1,3,2,1,3,3,4,3,1,4,1,2,2,1,5,5,5,1,3,4
204,3,1,3,2,4,1,4,5,5,2,1,5,4,4,2,5,3,5,2,5,1,2,3,4,5,4,2,4,1,2,2,5,2,1,5,1,3,5,2,2,2,3,1,2,4,2,5,5,4,3,5,3,3,4,5,2,3,3,5,5,4,1,1,1,3,4,1,5,3,3,5,4,4,1,5,2,4,1,3,4,2,3,3,5,5,4,2,5,1,3,1,3,1,3,5,1,4,4,2,2,2,1,3,2,5,4,4,5,4,1,5,1,4,5,5,5,4,4,4,2,2,3,5,4,5,1,1,4,2,3,2,5,2,4,2,1,4,4,4,2,1,2,5,3,3,3,5,5,5,1,4,5,3,3,2,4,5,4,5,3,4,4,5,5,4,5,4,2,4,1,4,2,2,3,3,1,5,5,2,2,3,2,4,4,1,4,1,3,4,1,5,1,4,1,3,2,5,3,5,5,1,2,1,1,4,1,2,3,1,2,1,5,1,4,5,2,1,5,5,3,5,2,1,5,2,3,1,4,5,5,3,2,3,2,1,5,4,3,4,4,5,5,4,1,4,2,2,2,2,3,1,3,3,2,1,1,4,3,1,5,3,1,5,5,5,2,4,4,1,1,4,5,1,2,2,4,1,1,5,1,4,1,1,2,4,3,4,4,3,3,2,5,4,4,4,4,2,4,3,3,1,2,1,4,2,2,5,5,1,1,3,3
205,3,2,4,1,3,2,5,4,5,5,4,2,5,2,5,3,4,1,4,5,5,3,3,4,1,4,1,2,5,2,4,1,1,2,3,3,2,3,1,4,3,1,4,1,5,4,5,3,3,1,2,1,5,4,2,1,5,5,3,1,1,5,1,3,2,5,3,3,4,2,3,4,4,1,3,5,1,2,5,5,4,3,4,4,3,3,3,4,3,3,5,4,3,4,2,1,5,5,4,3,4,1,5,5,1,4,5,3,4,3,2,1,5,1,1,3,5,2,1,3,3,5,4,4,2,3,4,1,2,1,4,3,4,2,2,1,1,2,1,5,2,1,4,3,5,5,3,3,4,3,5,4,3,4,4,1,3,1,5,4,5,4,3,2,3,4,2,2,3,5,3,4,5,4,5,1,5,1,4,3,4,3,1,3,4,4,4,5,4,5,2,1,2,2,5,5,1,1,1,4,4,1,5,2,1,1,2,3,1,1,4,2,1,1,3,2,1,3,1,5,3,5,1,3,2,4,1,3,5,3,2,3,5,1,5,5,5,4,1,4,3,1,1,3,3,5,1,2,5,1,3,3,2,1,4,5,1,4,3,3,4,4,2,1,3,5,3,1,4,2,3,2,4,1,3,1,5,1,4,4,5,1,4,4,4,4,2,3,2,4,1,2,5,3,1,2,3,2,5,4,5,4,3,2,2,5,1,3,4,3,5,2
206,4,4,4,4,3,3,5,2,2,3,5,1,4,2,4,2,1,2,1,2,3,4,5,5,2,5,4,3,3,1,5,4,5,4,1,5,3,1,5,3,3,4,3,2,5,5,4,3,4,2,4,5,4,5,1,2,2,5,1,3,4,3,1,2,3,1,2,3,2,5,2,2,1,1,4,1,5,5,2,1,4,1,4,2,5,1,1,5,5,3,3,3,5,3,1,5,1,5,2,1,5,4,5,2,5,2,3,1,2,4,1,5,5,2,4,2,4,2,3,3,3,2,1,5,1,5,4,3,3,5,3,1,2,3,3,4,2,5,2,2,5,2,4,1,2,1,4,4,2,3,2,1,4,1,1,5,4,4,1,4,2,5,2,3,3,1,3,2,3,1,4,5,1,1,1,2,4,1,4,1,2,1,3,2,1,1,1,3,3,1,3,1,3,4,1,1,5,5,2,4,4,2,5,2,5,1,2,3,5,1,3,3,4,5,1,5,1,5,3,4,2,5,3,2,2,2,3,1,2,4,1,3,2,3,3,2,3,4,4,5,2,2,2,5,4,4,2,3,1,1,2,2,4,4,3,4,1,1,4,1,1,1,1,5,2,3,5,3,5,5,3,2,4,5,2,4,3,5,4,2,4,3,4,1,5,2,2,5,5,1,1,2,4,5,1,1,1,4,2,2,1,4,4,2,5,1,4,5,3,1,3,2
207,2,2,4,4,5,3,2,2,4,4,4,1,3,3,1,2,5,5,2,5,4,3,4,5,5,3,4,3,5,3,3,5,3,4,5,3,2,4,4,4,1,5,1,3,5,4,4,4,4,3,2,5,2,5,4,1,3,5,4,1,4,3,1,5,5,5,5,1,3,1,5,3,2,2,1,5,2,2,4,4,3,3,5,2,1,1,4,3,5,4,4,5,5,2,5,5,4,4,1,1,1,5,2,4,3,2,3,5,3,1,4,2,1,4,1,2,5,3,5,3,3,2,2,5,4,4,5,3,2,5,4,3,4,3,4,1,3,3,3,1,1,4,2,4,3,3,4,5,2,1,2,5,4,4,3,4,5,4,4,5,1,2,4,2,2,3,1,2,3,5,5,5,5,5,3,1,1,3,3,4,2,5,2,4,1,5,1,3,2,1,4,1,5,5,2,3,5,4,2,5,4,1,4,2,5,3,3,4,4,4,5,3,3,2,2,1,5,4,2,1,1,3,5,5,4,5,4,5,3,1,5,5,3,2,4,2,1,2,1,4,3,1,4,3,2,2,1,5,5,3,2,4,3,1,1,3,4,2,2,4,2,5,5,4,5,3,2,3,4,5,3,3,1,3,5,2,2,2,5,2,2,4,4,1,1,3,3,3,1,2,3,2,2,1,4,4,5,4,3,1,2,1,5,5,5,2,5,5,5,2,5,3
208,1,5,5,1,5,5,3,4,2,2,1,3,2,1,1,1,2,4,1,5,4,4,5,2,2,3,2,3,1,2,2,5,1,3,1,4,5,4,3,2,2,2,3,4,3,3,4,2,5,3,3,4,5,3,1,5,3,5,1,1,5,2,5,4,2,1,2,1,1,1,4,4,3,4,1,5,2,5,1,5,2,3,3,4,5,4,4,5,5,2,5,5,4,3,1,3,5,1,5,2,5,1,2,1,2,4,1,4,4,5,3,2,1,4,5,1,5,1,5,5,3,4,2,2,1,1,3,1,2,4,3,1,3,3,3,1,5,1,1,1,1,1,3,3,1,4,4,5,4,2,2,4,1,4,2,4,3,5,3,3,5,1,5,1,2,4,2,2,2,4,1,5,1,1,3,4,1,1,2,3,5,3,2,2,2,4,2,1,4,2,4,1,2,2,1,2,1,2,2,3,4,5,3,3,4,3,1,3,5,1,4,4,4,1,4,4,5,2,2,2,4,1,4,2,5,4,4,4,1,5,5,5,5,2,4,5,3,3,2,3,3,3,2,4,2,1,1,3,3,4,3,1,3,4,1,3,4,4,1,1,1,4,1,1,4,4,1,1,1,4,5,2,3,2,4,5,4,1,3,2,4,5,1,5,3,5,5,1,5,1,3,4,1,4,2,5,4,5,1,5,3,4,5,4,4,3,1,5,2,4,1,2
209,4,2,5,5,4,4,5,1,2,4,4,3,2,5,4,4,5,2,1,5,1,4,1,1,5,4,2,3,1,4,3,2,3,2,3,2,1,3,2,4,5,3,3,3,3,5,3,1,1,4,5,4,1,3,3,2,5,2,5,5,3,3,4,1,1,3,1,5,1,4,1,1,4,4,3,4,3,5,2,1,4,1,5,2,4,3,3,4,4,5,2,4,3,2,4,2,5,4,4,2,4,2,2,4,3,5,2,3,2,3,4,5,3,1,2,3,5,5,5,3,3,4,1,3,4,2,1,5,1,2,3,3,4,3,3,1,2,5,5,4,2,1,5,4,3,3,1,5,3,4,4,5,1,4,2,4,1,4,3,1,3,3,5,1,3,5,5,3,3,2,1,5,1,5,4,4,5,2,4,1,3,1,1,1,5,5,1,3,2,2,4,4,3,1,5,4,1,2,3,5,5,4,1,5,2,2,3,3,2,2,1,5,1,3,3,3,5,4,3,3,1,1,4,4,4,4,1,3,1,2,2,3,4,3,2,3,4,1,4,1,2,5,3,5,4,1,4,4,2,4,3,2,5,4,5,3,3,3,5,5,1,2,4,2,3,4,1,2,3,4,4,3,5,2,4,5,1,4,4,1,1,4,3,1,5,1,4,4,2,5,2,1,2,4,3,1,4,1,2,2,1,1,2,1,2,1,3,1,1,4,3,2
210,2,5,3,3,1,4,2,2,4,4,3,4,4,1,3,5,5,2,4,1,4,2,4,5,3,4,5,5,2,3,2,1,3,1,3,5,1,3,3,1,3,2,2,1,5,4,1,1,1,1,2,1,5,4,4,5,1,4,2,4,5,4,5,1,4,5,2,2,3,4,1,3,4,2,1,2,4,1,1,3,1,4,5,5,1,5,4,3,2,2,4,3,4,1,3,5,1,5,1,1,1,1,3,3,1,4,1,1,4,4,1,2,2,4,1,5,5,1,1,1,5,5,4,3,4,4,2,4,4,4,4,3,2,5,1,5,2,4,5,4,3,3,2,5,3,2,2,2,5,5,2,1,5,5,1,5,5,3,1,3,1,1,1,5,2,4,2,5,5,4,5,1,3,3,1,2,3,1,2,3,1,3,3,3,4,2,3,1,4,5,5,2,1,4,1,4,4,5,2,2,1,4,4,3,2,4,1,5,5,2,2,3,2,4,4,4,4,3,2,2,2,3,3,4,3,3,1,4,4,1,2,1,1,1,3,1,5,1,2,2,2,1,4,2,1,2,3,3,1,2,2,5,2,4,3,2,4,1,3,1,2,1,3,1,1,1,4,4,2,1,4,3,3,1,2,4,4,4,2,5,4,1,4,4,5,1,1,1,4,4,3,5,1,1,3,4,3,3,4,2,5,2,2,5,2,4,2,2,2,4,3,1
211,5,5,4,1,2,5,2,4,4,4,3,4,2,3,2,4,3,1,4,3,3,3,5,3,1,4,4,4,3,4,1,5,1,5,4,2,5,1,1,2,5,5,1,5,2,5,5,2,4,5,1,3,1,1,4,4,1,5,1,5,2,2,4,3,3,4,2,4,2,5,2,2,2,3,2,1,5,3,1,3,3,1,4,4,2,1,2,4,1,1,1,2,3,3,3,1,4,2,2,4,3,5,4,3,1,4,3,2,5,5,5,3,3,1,5,2,5,4,4,2,3,5,4,2,1,4,4,5,3,4,4,5,3,1,1,1,1,3,1,5,5,5,1,5,5,2,1,5,3,5,2,3,3,4,2,2,5,2,3,3,5,3,5,4,2,2,2,4,2,4,4,5,1,1,5,5,5,2,3,5,4,1,2,3,1,1,1,4,4,4,3,1,5,3,4,4,4,2,1,5,1,3,2,3,4,4,5,1,3,4,5,5,3,1,2,5,3,4,2,2,1,3,1,5,5,3,4,5,5,4,2,3,2,1,4,3,4,4,2,2,1,3,4,1,4,1,4,2,5,1,1,5,2,1,2,4,4,5,3,2,3,3,2,3,1,4,5,2,5,4,5,2,5,3,3,4,3,5,1,5,1,5,1,1,2,2,5,3,2,1,5,3,5,1,2,2,4,4,5,5,3,2,2,4,1,1,4,5,2,2,2,1
